n_boite,adresse,commune,cp,conteneur,semaine_1,semaine_2,semaine_3,semaine_4,semaine_5,semaine_6,semaine_7,semaine_8,semaine_9,semaine_10,semaine_11,semaine_12,semaine_13,semaine_14,semaine_15,semaine_16,semaine_17,semaine_18,semaine_19,semaine_20,semaine_21,semaine_22,semaine_23,semaine_24,semaine_25,semaine_26,semaine_27,semaine_28,semaine_29,semaine_30,semaine_31,semaine_32,semaine_33,semaine_34,semaine_35,semaine_36,semaine_37,semaine_38,semaine_39,semaine_40,semaine_41,semaine_42,semaine_43,semaine_44,semaine_45,semaine_46,semaine_47,semaine_48,semaine_49,semaine_50,semaine_51,semaine_52,volume_moyen
60,Boulevard de la Tour / Rue Petit Salève 10,GENEVE,1205.0,KLEIN,6.0,4.0,3.0,4.0,4.0,8.0,5.0,5.0,6.0,4.0,4.0,5.0,5.0,5.0,8.0,5.0,6.0,3.0,2.0,6.0,7.0,6.0,3.0,5.0,5.0,7.0,6.0,5.0,4.0,6.0,4.0,4.0,8.0,5.0,7.0,6.0,8.0,8.0,6.0,8.0,8.0,6.0,6.0,4.0,5.0,5.0,5.0,7.0,5.0,6.0,8.0,2.0,5.4423076923076925
79,"Cité Bleue Universitaire, Avenue Louis Aubert 4",GENEVE,1206.0,KLEIN,5.0,4.0,4.0,5.0,5.0,0.0,4.0,2.0,6.0,4.0,3.0,4.0,3.0,4.0,6.0,8.0,7.0,8.0,6.0,3.0,3.0,8.0,4.0,5.0,8.0,5.0,7.0,5.0,6.0,6.0,3.0,11.0,4.0,6.0,7.0,7.0,7.0,8.0,8.0,8.0,7.0,4.0,7.0,4.0,4.0,3.0,3.0,4.0,3.0,5.0,2.0,1.0,5.076923076923077
71,déchetterie - Rue Maurice Barraud 28 / Avenue Dumas (1),GENEVE,1206.0,KLEIN,6.0,5.0,4.0,5.0,8.0,0.0,8.0,6.0,6.0,6.0,5.0,6.0,8.0,5.0,8.0,8.0,7.0,8.0,6.0,6.0,8.0,8.0,6.0,7.0,8.0,7.0,7.0,7.0,7.0,6.0,8.0,7.0,6.0,7.0,7.0,10.0,10.0,8.0,7.0,6.0,7.0,8.0,8.0,8.0,4.0,5.0,5.0,8.0,6.0,8.0,5.0,4.0,6.615384615384615
78,déchetterie - Rue Maurice Barraud 28 / Avenue Dumas (2),GENEVE,1206.0,KLEIN,6.0,5.0,6.0,5.0,8.0,0.0,8.0,6.0,4.0,5.0,2.0,6.0,8.0,5.0,6.0,8.0,7.0,8.0,6.0,4.0,8.0,8.0,6.0,7.0,8.0,5.0,7.0,7.0,7.0,6.0,8.0,5.0,8.0,7.0,7.0,10.0,9.0,8.0,6.0,7.0,8.0,7.0,7.0,4.0,8.0,3.0,6.0,7.0,6.0,7.0,5.0,5.0,6.346153846153846
68,déchetterie - Rue Contamines / Avenue Jules Crosnier,GENEVE,1207.0,KLEIN,3.0,4.0,3.0,4.0,8.0,8.0,5.0,6.0,6.0,8.0,4.0,8.0,8.0,8.0,8.0,5.0,6.0,5.0,6.0,6.0,3.0,6.0,4.0,6.0,6.0,6.0,6.0,6.0,6.0,4.0,4.0,8.0,6.0,6.0,8.0,7.0,7.0,8.0,8.0,8.0,7.0,7.0,8.0,9.0,6.0,5.0,5.0,8.0,5.0,9.0,4.0,1.0,6.076923076923077
36,COOP/rue de Florissant 56 (1),GENEVE,1206.0,KLEIN,3.0,2.0,3.0,5.0,4.0,0.0,0.0,4.0,5.0,1.0,10.0,4.0,5.0,5.0,5.0,2.0,6.0,4.0,6.0,3.0,2.0,2.0,8.0,4.0,3.0,4.0,3.0,5.0,2.0,2.0,2.0,2.0,1.0,4.0,5.0,4.0,0.0,0.0,0.0,0.0,8.0,0.0,0.0,1.0,4.0,2.0,3.0,6.0,3.0,4.0,5.0,5.0,3.2884615384615383
38,COOP/rue de Florissant 56 (2),GENEVE,1206.0,KLEIN,2.0,4.0,4.0,5.0,4.0,4.0,4.0,4.0,4.0,3.0,2.0,4.0,5.0,5.0,1.0,2.0,4.0,4.0,6.0,3.0,2.0,2.0,1.0,4.0,3.0,4.0,3.0,5.0,2.0,2.0,2.0,2.0,1.0,4.0,4.0,5.0,0.0,0.0,0.0,0.0,8.0,0.0,0.0,1.0,4.0,2.0,2.0,6.0,2.0,3.0,5.0,5.0,3.0384615384615383
65,Chemin Giovani Gambini 8,GENEVE,1206.0,KLEIN,3.0,4.0,4.0,4.0,4.0,3.0,5.0,5.0,5.0,8.0,8.0,5.0,5.0,5.0,5.0,4.0,2.0,3.0,6.0,3.0,8.0,8.0,2.0,3.0,8.0,4.0,7.0,6.0,4.0,2.0,2.0,6.0,2.0,5.0,3.0,7.0,7.0,6.0,6.0,7.0,7.0,4.0,7.0,4.0,3.0,8.0,3.0,6.0,3.0,5.0,5.0,2.0,4.826923076923077
63,Rue Pedro Meylan,GENEVE,1207.0,KLEIN,3.0,5.0,4.0,5.0,4.0,4.0,5.0,4.0,4.0,5.0,8.0,5.0,5.0,5.0,8.0,3.0,6.0,4.0,4.0,7.0,4.0,5.0,5.0,2.0,3.0,2.0,6.0,4.0,5.0,5.0,5.0,7.0,3.0,5.0,4.0,4.0,7.0,7.0,8.0,7.0,5.0,8.0,0.0,7.0,2.0,3.0,3.0,8.0,4.0,6.0,4.0,2.0,4.769230769230769
97,Chemin de la Chevillarde 41-43,GENEVE,1208.0,KLEIN,6.0,5.0,6.0,5.0,8.0,4.0,5.0,8.0,6.0,7.0,8.0,5.0,5.0,6.0,8.0,6.0,8.0,6.0,6.0,6.0,8.0,8.0,6.0,6.0,8.0,6.0,6.0,6.0,6.0,6.0,3.0,5.0,4.0,6.0,7.0,6.0,8.0,7.0,7.0,8.0,8.0,6.0,6.0,6.0,4.0,4.0,2.0,8.0,10.0,7.0,5.0,10.0,6.288461538461538
61,Gustive Millera / Jonh Refhous 4-6,GENEVE,1207.0,KLEIN,3.0,4.0,4.0,3.0,4.0,4.0,5.0,4.0,4.0,8.0,6.0,5.0,5.0,4.0,8.0,2.0,7.0,5.0,5.0,4.0,3.0,4.0,4.0,5.0,4.0,6.0,5.0,5.0,5.0,5.0,3.0,5.0,3.0,3.0,3.0,6.0,6.0,7.0,8.0,6.0,7.0,4.0,6.0,6.0,6.0,4.0,2.0,6.0,2.0,4.0,3.0,2.0,4.653846153846154
53,Chemin de Roche 24 / Route de Malagnou,GENEVE,1208.0,KLEIN,3.0,4.0,4.0,3.0,3.0,4.0,5.0,4.0,4.0,1.0,8.0,5.0,5.0,4.0,8.0,4.0,2.0,2.0,4.0,2.0,2.0,5.0,2.0,4.0,4.0,4.0,4.0,5.0,4.0,5.0,3.0,7.0,3.0,3.0,4.0,4.0,6.0,5.0,4.0,5.0,8.0,3.0,6.0,6.0,3.0,4.0,3.0,5.0,3.0,6.0,2.0,1.0,4.076923076923077
55,"Muséum, Place Emile Guyenot",GENEVE,1207.0,KLEIN,4.0,4.0,4.0,4.0,4.0,6.0,4.0,4.0,4.0,4.0,4.0,4.0,4.0,4.0,5.0,5.0,3.0,3.0,4.0,4.0,2.0,2.0,2.0,2.0,3.0,4.0,4.0,5.0,4.0,5.0,3.0,5.0,4.0,3.0,4.0,4.0,4.0,8.0,4.0,6.0,4.0,4.0,6.0,5.0,3.0,8.0,3.0,2.0,4.0,6.0,8.0,1.0,4.115384615384615
9,Place Pré-l'Évêque / Rue de la Mairie 35 (1),GENEVE,1207.0,KLEIN,6.0,6.0,6.0,6.0,8.0,8.0,8.0,5.0,6.0,8.0,6.0,8.0,5.0,8.0,8.0,5.0,7.0,6.0,7.0,6.0,7.0,7.0,5.0,6.0,6.0,7.0,8.0,7.0,6.0,6.0,6.0,6.0,10.0,8.0,4.0,7.0,8.0,8.0,8.0,8.0,8.0,7.0,8.0,7.0,6.0,6.0,5.0,6.0,7.0,8.0,6.0,7.0,6.769230769230769
1,Place Pré-l'Évêque / Rue de la Mairie 35 (2),GENEVE,1207.0,KLEIN,6.0,6.0,6.0,6.0,4.0,4.0,8.0,5.0,6.0,6.0,4.0,6.0,4.0,8.0,8.0,5.0,7.0,6.0,6.0,6.0,6.0,7.0,4.0,4.0,6.0,7.0,8.0,7.0,6.0,6.0,4.0,4.0,10.0,8.0,4.0,8.0,8.0,8.0,7.0,7.0,7.0,8.0,7.0,7.0,7.0,5.0,4.0,7.0,6.0,8.0,5.0,7.0,6.230769230769231
52,"Centre Commercial 2000, Rue de Jargonnant (1)",GENEVE,1207.0,KLEIN,3.0,1.0,3.0,4.0,4.0,4.0,4.0,4.0,3.0,4.0,6.0,4.0,4.0,5.0,5.0,4.0,2.0,3.0,4.0,3.0,1.0,4.0,2.0,4.0,4.0,4.0,3.0,4.0,2.0,5.0,2.0,8.0,2.0,4.0,4.0,4.0,4.0,0.0,6.0,8.0,8.0,4.0,4.0,3.0,1.0,10.0,4.0,3.0,4.0,5.0,3.0,4.0,3.8846153846153846
64,"Centre Commercial 2000, Rue de Jargonnant (2)",GENEVE,1207.0,KLEIN,3.0,6.0,4.0,3.0,3.0,3.0,4.0,3.0,3.0,5.0,3.0,3.0,4.0,4.0,5.0,4.0,2.0,2.0,4.0,2.0,2.0,2.0,1.0,4.0,3.0,4.0,3.0,4.0,2.0,5.0,2.0,6.0,3.0,4.0,4.0,4.0,1.0,0.0,7.0,8.0,7.0,3.0,6.0,6.0,4.0,10.0,3.0,3.0,4.0,2.0,2.0,2.0,3.673076923076923
257,Rue Viollier,GENEVE,1207.0,KLEIN,8.0,6.0,8.0,4.0,5.0,5.0,4.0,4.0,5.0,5.0,5.0,5.0,4.0,4.0,8.0,4.0,5.0,4.0,4.0,5.0,3.0,6.0,5.0,4.0,6.0,6.0,7.0,5.0,5.0,5.0,7.0,6.0,3.0,8.0,5.0,4.0,5.0,6.0,1.0,4.0,8.0,7.0,6.0,8.0,3.0,4.0,3.0,2.0,4.0,6.0,4.0,2.0,5.0
13,Avenue Théodore Flournoy / Rue de Montchoisy 74 (1),GENEVE,1207.0,KLEIN,8.0,6.0,8.0,6.0,8.0,8.0,8.0,8.0,8.0,8.0,1.0,8.0,8.0,6.0,8.0,7.0,6.0,6.0,6.0,7.0,6.0,2.0,5.0,6.0,8.0,7.0,8.0,7.0,7.0,8.0,6.0,10.0,10.0,2.0,6.0,7.0,8.0,8.0,8.0,7.0,8.0,7.0,8.0,10.0,6.0,7.0,5.0,8.0,8.0,8.0,5.0,5.0,6.923076923076923
14,Avenue Théodore Flournoy / Rue de Montchoisy 74 (2),GENEVE,1207.0,KLEIN,5.0,6.0,8.0,6.0,5.0,6.0,4.0,8.0,6.0,4.0,2.0,6.0,4.0,6.0,8.0,7.0,6.0,6.0,6.0,7.0,5.0,7.0,5.0,6.0,8.0,7.0,8.0,7.0,7.0,8.0,6.0,4.0,7.0,2.0,7.0,8.0,8.0,7.0,8.0,6.0,7.0,8.0,8.0,10.0,6.0,7.0,4.0,8.0,8.0,8.0,3.0,6.0,6.346153846153846
364,Rue des Tulipes 17 / Avenue Rosemont (1),GENEVE,1208.0,KLEIN,5.0,6.0,5.0,6.0,3.0,5.0,4.0,4.0,5.0,3.0,1.0,5.0,4.0,5.0,5.0,3.0,6.0,2.0,4.0,4.0,5.0,8.0,4.0,3.0,3.0,5.0,8.0,6.0,5.0,2.0,3.0,5.0,5.0,6.0,5.0,7.0,7.0,8.0,7.0,8.0,8.0,5.0,4.0,6.0,2.0,4.0,4.0,4.0,4.0,5.0,4.0,3.0,4.769230769230769
7,Rue des Tulipes 17 / Avenue Rosemont (2),GENEVE,1208.0,KLEIN,5.0,6.0,5.0,5.0,4.0,5.0,4.0,4.0,4.0,2.0,3.0,4.0,4.0,5.0,5.0,3.0,6.0,3.0,4.0,2.0,5.0,8.0,4.0,3.0,7.0,0.0,0.0,0.0,2.0,2.0,3.0,4.0,4.0,6.0,4.0,6.0,5.0,7.0,6.0,6.0,7.0,6.0,6.0,6.0,7.0,4.0,4.0,6.0,4.0,2.0,2.0,3.0,4.269230769230769
18,Route de Frontenex 106,GENEVE,1208.0,KLEIN,4.0,6.0,5.0,5.0,3.0,3.0,4.0,5.0,6.0,4.0,2.0,5.0,8.0,8.0,6.0,2.0,4.0,1.0,3.0,4.0,3.0,6.0,2.0,8.0,7.0,0.0,0.0,4.0,0.0,0.0,7.0,4.0,2.0,6.0,2.0,4.0,6.0,4.0,4.0,0.0,4.0,4.0,4.0,1.0,1.0,2.0,2.0,2.0,3.0,3.0,8.0,3.0,3.730769230769231
168,décheterie - Route de Vandoeuvres / Chemin du Tirage,COLOGNY,1223.0,KLEIN,4.0,6.0,6.0,5.0,5.0,3.0,4.0,5.0,6.0,6.0,4.0,5.0,5.0,6.0,6.0,3.0,2.0,6.0,5.0,5.0,6.0,5.0,4.0,4.0,6.0,5.0,5.0,6.0,5.0,7.0,4.0,8.0,6.0,7.0,6.0,3.0,8.0,3.0,7.0,7.0,7.0,4.0,4.0,2.0,2.0,4.0,9.0,8.0,3.0,5.0,3.0,3.0,5.0576923076923075
365,déchetterie - Chemin du Molan / Chemin des Fourches,COLOGNY,1223.0,KLEIN,6.0,5.0,5.0,4.0,4.0,3.0,4.0,3.0,3.0,5.0,1.0,4.0,5.0,8.0,5.0,3.0,3.0,4.0,3.0,2.0,3.0,5.0,2.0,2.0,4.0,4.0,5.0,3.0,5.0,6.0,5.0,5.0,6.0,3.0,4.0,3.0,8.0,4.0,7.0,6.0,7.0,8.0,4.0,4.0,3.0,3.0,2.0,3.0,2.0,3.0,3.0,2.0,4.115384615384615
143,"déchetterie - Station Shell, Chemin Gradelle / Chemin Eperon",CHENE-BOUGERIES,1224.0,KLEIN,5.0,6.0,8.0,5.0,4.0,8.0,0.0,6.0,6.0,6.0,4.0,5.0,8.0,4.0,0.0,5.0,5.0,5.0,4.0,4.0,5.0,5.0,8.0,6.0,5.0,5.0,7.0,6.0,6.0,8.0,5.0,7.0,7.0,8.0,4.0,4.0,7.0,6.0,4.0,5.0,8.0,6.0,4.0,6.0,8.0,5.0,9.0,4.0,4.0,4.0,3.0,4.0,5.403846153846154
149,déchetterie - Avenue Mirany / Chemin de la Seymaz (1),CHENE-BOUGERIES,1224.0,KLEIN,4.0,4.0,8.0,5.0,5.0,4.0,5.0,8.0,6.0,5.0,4.0,4.0,5.0,4.0,5.0,2.0,2.0,3.0,3.0,3.0,4.0,4.0,8.0,4.0,3.0,3.0,3.0,2.0,4.0,4.0,3.0,7.0,8.0,6.0,5.0,3.0,5.0,8.0,7.0,4.0,4.0,6.0,6.0,8.0,5.0,4.0,9.0,5.0,5.0,2.0,4.0,2.0,4.6923076923076925
145,déchetterie - Avenue Mirany / Chemin de la Seymaz (2),CHENE-BOUGERIES,1224.0,KLEIN,4.0,4.0,2.0,5.0,5.0,4.0,5.0,6.0,6.0,4.0,2.0,4.0,4.0,4.0,5.0,2.0,2.0,3.0,2.0,4.0,4.0,3.0,3.0,4.0,2.0,3.0,3.0,2.0,4.0,4.0,3.0,5.0,6.0,6.0,6.0,3.0,4.0,8.0,5.0,4.0,8.0,4.0,4.0,4.0,6.0,4.0,9.0,5.0,5.0,2.0,4.0,2.0,4.153846153846154
215,"déchetterie - Maison de Quartier, Chemin de la Musse / Route de Jussy",THONEX,1226.0,KLEIN,6.0,6.0,4.0,6.0,7.0,8.0,5.0,5.0,6.0,5.0,5.0,5.0,5.0,4.0,8.0,4.0,5.0,6.0,5.0,5.0,4.0,6.0,4.0,6.0,5.0,6.0,7.0,6.0,6.0,6.0,6.0,8.0,5.0,7.0,7.0,6.0,8.0,7.0,6.0,7.0,8.0,7.0,6.0,5.0,5.0,3.0,9.0,8.0,4.0,4.0,3.0,4.0,5.75
150,"déchetterie - École du Plateau, Avenue Bel'Air 33",CHENE-BOURG,1225.0,KLEIN,6.0,6.0,4.0,6.0,5.0,3.0,5.0,4.0,6.0,5.0,2.0,5.0,5.0,4.0,0.0,2.0,3.0,4.0,5.0,4.0,5.0,3.0,3.0,3.0,5.0,4.0,7.0,5.0,2.0,6.0,4.0,8.0,6.0,6.0,6.0,2.0,8.0,8.0,3.0,6.0,8.0,7.0,6.0,1.0,3.0,4.0,8.0,8.0,3.0,1.0,2.0,1.0,4.538461538461538
147,Place de la Gare (1),CHENE-BOURG,1225.0,KLEIN,3.0,6.0,5.0,4.0,7.0,3.0,5.0,3.0,3.0,1.0,1.0,1.0,1.0,1.0,4.0,2.0,2.0,1.0,3.0,3.0,2.0,1.0,4.0,4.0,2.0,4.0,4.0,3.0,5.0,2.0,2.0,3.0,5.0,5.0,4.0,2.0,3.0,7.0,2.0,3.0,7.0,5.0,4.0,1.0,1.0,2.0,2.0,2.0,3.0,1.0,3.0,2.0,3.0576923076923075
148,Place de la Gare (2),CHENE-BOURG,1225.0,KLEIN,3.0,6.0,4.0,3.0,5.0,2.0,4.0,2.0,1.0,3.0,1.0,0.0,0.0,0.0,1.0,2.0,2.0,2.0,3.0,3.0,2.0,1.0,3.0,6.0,2.0,4.0,4.0,3.0,3.0,2.0,2.0,4.0,4.0,5.0,6.0,2.0,3.0,7.0,2.0,3.0,8.0,6.0,4.0,1.0,1.0,2.0,2.0,1.0,3.0,1.0,2.0,2.0,2.8461538461538463
151,"Denner, Place Graveson",THONEX,1226.0,KLEIN,6.0,6.0,5.0,6.0,3.0,6.0,5.0,5.0,5.0,4.0,4.0,5.0,5.0,4.0,6.0,4.0,4.0,3.0,6.0,4.0,4.0,3.0,9.0,6.0,3.0,4.0,6.0,4.0,5.0,2.0,5.0,7.0,5.0,5.0,6.0,2.0,6.0,8.0,3.0,6.0,8.0,8.0,6.0,3.0,0.0,4.0,4.0,7.0,10.0,5.0,5.0,5.0,5.0
199,"Parc, Rue Jean Pelletier 7",CHENE-BOURG,1225.0,KLEIN,3.0,6.0,4.0,6.0,5.0,3.0,5.0,5.0,5.0,5.0,4.0,5.0,5.0,4.0,6.0,4.0,3.0,3.0,4.0,5.0,5.0,3.0,9.0,5.0,4.0,6.0,3.0,3.0,4.0,5.0,5.0,6.0,6.0,5.0,5.0,3.0,6.0,4.0,8.0,4.0,6.0,7.0,6.0,7.0,3.0,4.0,4.0,5.0,10.0,3.0,4.0,5.0,4.865384615384615
89,déchetterie - Avenue de Thônex / Chemin des Cyprès,THONEX,1226.0,KLEIN,3.0,6.0,8.0,5.0,3.0,3.0,5.0,8.0,5.0,3.0,2.0,4.0,5.0,4.0,8.0,4.0,5.0,4.0,4.0,5.0,2.0,1.0,6.0,6.0,4.0,4.0,4.0,3.0,5.0,5.0,5.0,5.0,5.0,3.0,3.0,4.0,4.0,6.0,5.0,8.0,8.0,2.0,4.0,7.0,3.0,10.0,10.0,1.0,10.0,5.0,3.0,5.0,4.8076923076923075
265,Route de Florissant 179,CHENE-BOUGERIES,1225.0,KLEIN,3.0,5.0,4.0,5.0,5.0,6.0,4.0,5.0,5.0,5.0,4.0,5.0,5.0,4.0,6.0,6.0,0.0,0.0,0.0,6.0,8.0,0.0,0.0,0.0,0.0,6.0,0.0,0.0,2.0,0.0,8.0,4.0,8.0,7.0,4.0,4.0,7.0,6.0,8.0,0.0,7.0,6.0,4.0,7.0,4.0,5.0,10.0,8.0,7.0,0.0,4.0,3.0,4.230769230769231
172,Chemin du Stade 5A (1),MEINIER,1252.0,KLEIN,8.0,8.0,6.0,5.0,6.0,5.0,5.0,5.0,8.0,6.0,4.0,5.0,6.0,5.0,6.0,2.0,8.0,4.0,5.0,5.0,6.0,8.0,4.0,6.0,4.0,7.0,7.0,7.0,6.0,4.0,8.0,10.0,3.0,8.0,4.0,7.0,8.0,4.0,3.0,8.0,3.0,4.0,6.0,4.0,3.0,10.0,8.0,4.0,8.0,5.0,10.0,3.0,5.8076923076923075
167,Chemin du Stade 5A (2),MEINIER,1252.0,KLEIN,6.0,8.0,4.0,3.0,3.0,1.0,3.0,4.0,6.0,3.0,3.0,5.0,6.0,4.0,5.0,2.0,8.0,3.0,4.0,4.0,2.0,8.0,2.0,6.0,4.0,3.0,7.0,7.0,6.0,4.0,8.0,5.0,5.0,8.0,7.0,6.0,3.0,6.0,7.0,8.0,7.0,3.0,7.0,7.0,3.0,8.0,8.0,1.0,4.0,1.0,10.0,2.0,4.961538461538462
243,déchetterie - Chemin du Séchant / Route de Corsier,CORSIER,1246.0,TEXAID-B,6.0,8.0,8.0,5.0,8.0,8.0,6.0,5.0,8.0,2.0,4.0,5.0,8.0,6.0,8.0,4.0,6.0,6.0,5.0,5.0,6.0,8.0,4.0,3.0,5.0,7.0,5.0,6.0,6.0,5.0,8.0,4.0,7.0,7.0,7.0,7.0,9.0,7.0,7.0,8.0,5.0,6.0,4.0,6.0,7.0,8.0,6.0,8.0,5.0,8.0,5.0,3.0,6.115384615384615
228,déchetterie - Route de la Côte d'Or,ANIERES,1247.0,KLEIN,6.0,6.0,5.0,4.0,5.0,5.0,5.0,4.0,6.0,6.0,4.0,5.0,6.0,5.0,8.0,2.0,6.0,5.0,5.0,4.0,4.0,8.0,8.0,0.0,5.0,5.0,5.0,5.0,2.0,2.0,6.0,6.0,7.0,2.0,6.0,3.0,3.0,6.0,4.0,7.0,6.0,6.0,3.0,8.0,2.0,8.0,4.0,7.0,4.0,6.0,4.0,2.0,4.923076923076923
366,"Parking, Route d'Hermance",HERMANCE,1248.0,VILLIGER,5.0,6.0,6.0,3.0,5.0,5.0,5.0,4.0,8.0,6.0,4.0,4.0,6.0,5.0,0.0,4.0,6.0,6.0,4.0,5.0,3.0,4.0,4.0,6.0,5.0,5.0,5.0,3.0,3.0,1.0,5.0,0.0,10.0,6.0,2.0,4.0,7.0,2.0,4.0,6.0,6.0,4.0,3.0,4.0,2.0,8.0,8.0,2.0,4.0,1.0,2.0,5.0,4.4423076923076925
229,"Parking, Route d'Hermance 320",ANIERES,1247.0,KLEIN,8.0,8.0,8.0,4.0,4.0,8.0,4.0,5.0,6.0,5.0,4.0,5.0,5.0,5.0,6.0,4.0,4.0,6.0,5.0,4.0,4.0,6.0,5.0,6.0,5.0,6.0,2.0,6.0,5.0,4.0,6.0,8.0,8.0,5.0,6.0,3.0,8.0,6.0,5.0,4.0,7.0,4.0,6.0,7.0,7.0,10.0,8.0,8.0,4.0,8.0,4.0,3.0,5.615384615384615
315,Plage de la Savonnière / Chemin Armand Dufaux,COLLONGE-BELLERIVE,1245.0,KLEIN,8.0,5.0,5.0,4.0,4.0,3.0,3.0,3.0,6.0,6.0,4.0,5.0,5.0,5.0,5.0,1.0,3.0,3.0,3.0,2.0,4.0,1.0,8.0,3.0,2.0,2.0,2.0,5.0,4.0,2.0,2.0,5.0,2.0,2.0,7.0,6.0,0.0,8.0,6.0,0.0,2.0,4.0,0.0,2.0,2.0,2.0,7.0,0.0,2.0,0.0,3.0,5.0,3.519230769230769
280,déchetterie - Route d'Hermance 52A (1),COLLONGE-BELLERIVE,1245.0,KLEIN,5.0,8.0,6.0,5.0,8.0,8.0,4.0,6.0,8.0,8.0,4.0,5.0,6.0,5.0,8.0,3.0,6.0,4.0,6.0,4.0,5.0,5.0,9.0,6.0,5.0,7.0,7.0,7.0,7.0,6.0,6.0,4.0,10.0,7.0,6.0,7.0,9.0,7.0,7.0,7.0,8.0,8.0,8.0,6.0,8.0,5.0,6.0,7.0,10.0,9.0,4.0,4.0,6.423076923076923
281,déchetterie - Route d'Hermance 52A (2),COLLONGE-BELLERIVE,1245.0,KLEIN,6.0,8.0,4.0,4.0,4.0,6.0,6.0,6.0,6.0,5.0,4.0,5.0,6.0,5.0,5.0,3.0,6.0,4.0,6.0,4.0,4.0,6.0,7.0,6.0,5.0,7.0,7.0,7.0,7.0,6.0,7.0,5.0,8.0,7.0,7.0,7.0,9.0,7.0,5.0,8.0,8.0,6.0,8.0,4.0,8.0,5.0,6.0,6.0,10.0,7.0,4.0,4.0,5.980769230769231
235,déchetterie - Chemin de la Californie 24,COLLONGE-BELLERIVE,1245.0,KLEIN,6.0,6.0,4.0,5.0,4.0,8.0,5.0,5.0,6.0,4.0,5.0,5.0,5.0,5.0,5.0,4.0,4.0,4.0,6.0,6.0,7.0,6.0,6.0,6.0,5.0,4.0,6.0,5.0,6.0,7.0,6.0,6.0,8.0,5.0,7.0,5.0,7.0,6.0,4.0,7.0,7.0,7.0,6.0,4.0,2.0,8.0,8.0,5.0,10.0,4.0,3.0,4.0,5.5576923076923075
311,déchetterie - Chemin des Reyes 8 (1),COLLONGE-BELLERIVE,1245.0,KLEIN,6.0,8.0,6.0,5.0,8.0,6.0,8.0,5.0,8.0,8.0,8.0,6.0,6.0,5.0,8.0,4.0,6.0,6.0,5.0,8.0,5.0,4.0,7.0,7.0,6.0,4.0,6.0,8.0,7.0,6.0,6.0,9.0,8.0,8.0,7.0,7.0,9.0,6.0,6.0,8.0,7.0,7.0,8.0,7.0,8.0,6.0,9.0,8.0,10.0,5.0,5.0,6.0,6.730769230769231
310,déchetterie - Chemin des Reyes 8 (2),COLLONGE-BELLERIVE,1245.0,KLEIN,6.0,8.0,4.0,4.0,3.0,8.0,6.0,5.0,6.0,5.0,5.0,6.0,6.0,5.0,5.0,5.0,6.0,6.0,5.0,8.0,5.0,4.0,5.0,7.0,6.0,4.0,6.0,8.0,7.0,7.0,6.0,8.0,10.0,8.0,8.0,6.0,8.0,6.0,6.0,8.0,6.0,8.0,8.0,7.0,8.0,5.0,4.0,4.0,9.0,6.0,5.0,5.0,6.153846153846154
303,Chemin Velours 16,GENEVE,1206.0,KLEIN,4.0,5.0,5.0,4.0,3.0,4.0,4.0,4.0,6.0,6.0,5.0,6.0,5.0,5.0,4.0,2.0,6.0,6.0,6.0,7.0,5.0,2.0,2.0,4.0,4.0,3.0,4.0,6.0,4.0,3.0,3.0,5.0,4.0,7.0,4.0,7.0,4.0,4.0,7.0,7.0,5.0,3.0,4.0,2.0,2.0,2.0,8.0,6.0,2.0,2.0,2.0,3.0,4.365384615384615
332,Route du Vallon 1,CHENE-BOUGERIES,1225.0,KLEIN,4.0,5.0,4.0,4.0,3.0,3.0,5.0,3.0,6.0,4.0,5.0,4.0,5.0,5.0,4.0,3.0,6.0,5.0,4.0,8.0,4.0,2.0,5.0,6.0,6.0,3.0,2.0,5.0,5.0,2.0,3.0,1.0,6.0,2.0,3.0,3.0,7.0,7.0,2.0,4.0,7.0,3.0,3.0,2.0,1.0,1.0,2.0,6.0,4.0,1.0,4.0,2.0,3.923076923076923
233,Chemin Grange-Falquet 9,CHENE-BOUGERIES,1225.0,KLEIN,4.0,5.0,3.0,6.0,4.0,2.0,5.0,5.0,6.0,6.0,5.0,6.0,5.0,5.0,5.0,3.0,6.0,6.0,5.0,6.0,5.0,5.0,6.0,4.0,6.0,4.0,2.0,7.0,5.0,5.0,4.0,6.0,2.0,4.0,4.0,3.0,8.0,6.0,2.0,6.0,5.0,2.0,4.0,2.0,6.0,9.0,5.0,7.0,8.0,6.0,3.0,3.0,4.846153846153846
77,Avenue Bel'Air / Avenue Mirany,CHENE-BOURG,1225.0,KLEIN,4.0,4.0,2.0,4.0,1.0,2.0,2.0,3.0,5.0,1.0,2.0,5.0,3.0,4.0,3.0,2.0,5.0,2.0,5.0,6.0,2.0,3.0,2.0,3.0,3.0,1.0,2.0,5.0,4.0,4.0,2.0,3.0,7.0,3.0,3.0,2.0,3.0,7.0,4.0,7.0,4.0,0.0,4.0,2.0,1.0,1.0,2.0,0.0,8.0,0.0,5.0,2.0,3.1538461538461537
223,Avenue Tronchet Ecole,THONEX,1226.0,KLEIN,6.0,8.0,6.0,8.0,5.0,5.0,3.0,4.0,5.0,5.0,4.0,5.0,4.0,4.0,8.0,3.0,5.0,4.0,4.0,6.0,5.0,5.0,5.0,8.0,4.0,5.0,7.0,4.0,6.0,0.0,5.0,10.0,6.0,0.0,4.0,4.0,8.0,6.0,4.0,7.0,4.0,2.0,3.0,4.0,4.0,4.0,4.0,6.0,5.0,5.0,3.0,5.0,4.884615384615385
182,Avenue Adrien-Jeandin 28,THONEX,1226.0,KLEIN,6.0,6.0,4.0,5.0,8.0,4.0,3.0,4.0,5.0,5.0,4.0,5.0,8.0,4.0,8.0,4.0,5.0,4.0,5.0,5.0,5.0,5.0,5.0,4.0,6.0,5.0,7.0,6.0,6.0,6.0,5.0,6.0,10.0,6.0,5.0,7.0,8.0,3.0,4.0,7.0,6.0,2.0,0.0,7.0,6.0,4.0,4.0,6.0,5.0,2.0,2.0,5.0,5.134615384615385
98,déchetterie - Chemin Bois-des-Arts / Chemin Jules Dufresne (1),THONEX,1226.0,KLEIN,5.0,4.0,3.0,5.0,5.0,4.0,4.0,4.0,5.0,1.0,4.0,4.0,5.0,4.0,5.0,2.0,6.0,4.0,2.0,4.0,1.0,6.0,9.0,0.0,6.0,7.0,6.0,5.0,2.0,7.0,2.0,5.0,6.0,2.0,6.0,0.0,6.0,0.0,0.0,0.0,0.0,0.0,0.0,0.0,0.0,2.0,4.0,0.0,4.0,5.0,5.0,5.0,3.480769230769231
92,déchetterie - Chemin Bois-des-Arts / Chemin Jules Dufresne (2),THONEX,1226.0,KLEIN,3.0,4.0,2.0,5.0,3.0,2.0,2.0,4.0,5.0,3.0,3.0,4.0,5.0,5.0,5.0,3.0,6.0,5.0,4.0,4.0,1.0,6.0,9.0,0.0,6.0,7.0,6.0,5.0,2.0,7.0,5.0,5.0,1.0,2.0,3.0,6.0,0.0,3.0,6.0,3.0,5.0,4.0,4.0,4.0,6.0,1.0,2.0,4.0,0.0,0.0,2.0,5.0,3.7884615384615383
62,Rue le Corbusier 25-40,GENEVE,1208.0,KLEIN,8.0,8.0,8.0,8.0,5.0,5.0,8.0,4.0,8.0,4.0,6.0,6.0,8.0,6.0,8.0,4.0,6.0,4.0,4.0,6.0,5.0,6.0,6.0,7.0,6.0,6.0,7.0,6.0,6.0,6.0,5.0,5.0,7.0,6.0,6.0,6.0,4.0,5.0,7.0,8.0,6.0,4.0,6.0,2.0,4.0,5.0,4.0,5.0,5.0,7.0,3.0,2.0,5.711538461538462
56,"École de Commerce, Rue le Corbusier 15",GENEVE,1208.0,KLEIN,6.0,6.0,5.0,5.0,5.0,5.0,5.0,6.0,6.0,6.0,6.0,5.0,6.0,5.0,8.0,4.0,6.0,6.0,5.0,6.0,5.0,5.0,2.0,4.0,6.0,5.0,6.0,6.0,5.0,4.0,4.0,8.0,6.0,7.0,5.0,3.0,3.0,7.0,6.0,7.0,7.0,6.0,4.0,2.0,2.0,8.0,4.0,3.0,4.0,5.0,4.0,6.0,5.211538461538462
66,Promenade St Antoine / Th. De Bèse,GENEVE,1204.0,KLEIN,6.0,5.0,4.0,6.0,8.0,5.0,5.0,5.0,8.0,4.0,8.0,6.0,8.0,5.0,8.0,6.0,7.0,6.0,3.0,7.0,5.0,5.0,8.0,7.0,6.0,6.0,5.0,6.0,6.0,6.0,6.0,5.0,10.0,6.0,7.0,4.0,8.0,4.0,8.0,8.0,5.0,4.0,7.0,6.0,6.0,10.0,5.0,4.0,5.0,9.0,3.0,3.0,6.019230769230769
6,Rue Charles Sturm / Boulevard des Tranchées,GENEVE,1206.0,KLEIN,6.0,6.0,4.0,5.0,5.0,5.0,5.0,4.0,8.0,4.0,5.0,5.0,5.0,8.0,5.0,2.0,7.0,6.0,6.0,7.0,3.0,4.0,9.0,7.0,6.0,4.0,4.0,6.0,4.0,4.0,6.0,5.0,8.0,7.0,8.0,6.0,2.0,6.0,2.0,8.0,6.0,4.0,4.0,6.0,6.0,10.0,4.0,3.0,4.0,9.0,3.0,2.0,5.346153846153846
146,déchetterie - Route de Mon-Idée 67,THONEX,1226.0,KLEIN,4.0,4.0,3.0,1.0,3.0,2.0,3.0,3.0,5.0,5.0,4.0,5.0,8.0,5.0,4.0,3.0,2.0,3.0,4.0,2.0,1.0,1.0,2.0,4.0,3.0,4.0,2.0,2.0,2.0,2.0,3.0,2.0,1.0,7.0,4.0,4.0,3.0,5.0,6.0,3.0,6.0,3.0,5.0,5.0,1.0,1.0,1.0,8.0,1.0,2.0,2.0,0.0,3.25
200,"Gériatrie, Route de Mon-Idée",THONEX,1226.0,TEXAID-B,3.0,1.0,3.0,3.0,4.0,1.0,0.0,1.0,4.0,1.0,1.0,5.0,1.0,1.0,2.0,3.0,1.0,1.0,1.0,2.0,1.0,3.0,1.0,1.0,3.0,2.0,3.0,2.0,4.0,1.0,5.0,2.0,2.0,3.0,2.0,0.0,4.0,2.0,2.0,3.0,2.0,3.0,3.0,3.0,2.0,0.0,1.0,1.0,1.0,0.0,1.0,1.0,1.9807692307692308
124,"déchetterie - Parking, Chemin de Marchepied",VANDOEUVRES,1253.0,KLEIN,5.0,6.0,2.0,3.0,4.0,3.0,5.0,5.0,6.0,5.0,6.0,5.0,4.0,6.0,5.0,2.0,3.0,7.0,4.0,5.0,5.0,2.0,1.0,4.0,4.0,4.0,5.0,6.0,4.0,5.0,5.0,2.0,2.0,5.0,7.0,4.0,4.0,5.0,2.0,6.0,7.0,8.0,5.0,6.0,3.0,3.0,3.0,8.0,0.0,8.0,0.0,3.0,4.365384615384615
236,Route de Choulex 110 (1),CHOULEX,1244.0,KLEIN,6.0,8.0,4.0,4.0,4.0,2.0,5.0,5.0,6.0,4.0,4.0,4.0,4.0,6.0,5.0,2.0,2.0,5.0,4.0,5.0,6.0,2.0,4.0,5.0,7.0,6.0,4.0,6.0,6.0,6.0,4.0,2.0,1.0,4.0,6.0,7.0,5.0,7.0,8.0,4.0,7.0,6.0,6.0,6.0,6.0,3.0,3.0,3.0,1.0,3.0,3.0,5.0,4.634615384615385
237,Route de Choulex 110 (2),CHOULEX,1244.0,KLEIN,6.0,5.0,2.0,4.0,3.0,2.0,5.0,5.0,4.0,2.0,4.0,4.0,4.0,4.0,4.0,3.0,2.0,5.0,4.0,4.0,5.0,2.0,2.0,5.0,7.0,4.0,2.0,3.0,6.0,4.0,4.0,3.0,2.0,4.0,4.0,5.0,4.0,5.0,8.0,4.0,5.0,3.0,5.0,4.0,5.0,2.0,1.0,2.0,0.0,0.0,2.0,5.0,3.7115384615384617
160,"Parking, Route des Broilliets 2 (1)",PUPLINGE,1241.0,KLEIN,3.0,3.0,4.0,3.0,6.0,2.0,2.0,2.0,2.0,1.0,3.0,3.0,4.0,3.0,8.0,4.0,2.0,9.0,6.0,6.0,8.0,6.0,2.0,6.0,7.0,6.0,6.0,6.0,7.0,7.0,6.0,6.0,4.0,8.0,8.0,4.0,4.0,6.0,8.0,8.0,8.0,7.0,8.0,8.0,3.0,2.0,1.0,0.0,1.0,0.0,2.0,2.0,4.634615384615385
161,"Parking, Route des Broilliets 2 (2)",PUPLINGE,1241.0,KLEIN,3.0,3.0,2.0,3.0,4.0,4.0,2.0,1.0,2.0,1.0,2.0,2.0,3.0,3.0,5.0,4.0,2.0,6.0,5.0,4.0,6.0,6.0,4.0,6.0,7.0,3.0,2.0,6.0,5.0,6.0,2.0,7.0,3.0,8.0,7.0,6.0,4.0,5.0,8.0,7.0,7.0,6.0,8.0,7.0,3.0,1.0,1.0,0.0,0.0,0.0,3.0,2.0,3.980769230769231
95,"Poney Club, Route de Présinge 135",PRESINGE,1243.0,KLEIN,6.0,4.0,4.0,4.0,5.0,5.0,4.0,5.0,4.0,5.0,4.0,8.0,6.0,6.0,6.0,2.0,4.0,5.0,5.0,1.0,6.0,6.0,3.0,3.0,1.0,1.0,2.0,2.0,5.0,2.0,7.0,6.0,4.0,4.0,6.0,2.0,7.0,5.0,4.0,6.0,7.0,4.0,6.0,5.0,4.0,3.0,2.0,2.0,3.0,5.0,2.0,2.0,4.230769230769231
122,déchetterie - Route de Lullier,JUSSY,1254.0,KLEIN,8.0,4.0,8.0,3.0,6.0,5.0,4.0,6.0,4.0,4.0,4.0,4.0,6.0,6.0,5.0,3.0,4.0,4.0,4.0,2.0,6.0,3.0,6.0,2.0,4.0,4.0,4.0,6.0,5.0,5.0,2.0,6.0,4.0,6.0,3.0,4.0,8.0,8.0,7.0,6.0,7.0,2.0,6.0,7.0,3.0,3.0,4.0,2.0,3.0,5.0,2.0,5.0,4.653846153846154
128,Route de Gy 171,GY,1251.0,KLEIN,6.0,4.0,5.0,3.0,3.0,5.0,5.0,5.0,3.0,4.0,4.0,4.0,5.0,5.0,4.0,3.0,4.0,4.0,6.0,2.0,4.0,2.0,5.0,3.0,6.0,4.0,4.0,5.0,2.0,5.0,4.0,6.0,8.0,4.0,6.0,3.0,7.0,5.0,7.0,6.0,4.0,6.0,6.0,6.0,5.0,2.0,4.0,3.0,2.0,5.0,3.0,5.0,4.4423076923076925
317,déchetterie - Chemin des Reyes 8 (2),COLLONGE-BELLERIVE,1245.0,KLEIN,5.0,3.0,4.0,3.0,4.0,4.0,4.0,3.0,3.0,4.0,3.0,3.0,3.0,4.0,4.0,3.0,4.0,3.0,5.0,2.0,4.0,1.0,2.0,3.0,5.0,2.0,4.0,2.0,2.0,4.0,2.0,2.0,4.0,4.0,3.0,3.0,4.0,8.0,4.0,3.0,4.0,3.0,4.0,3.0,7.0,2.0,2.0,3.0,1.0,1.0,1.0,3.0,3.2884615384615383
367,Chemin du Molan / Chemin des Fourches,COLOGNY,1223.0,KLEIN,2.0,2.0,2.0,3.0,2.0,3.0,3.0,2.0,3.0,2.0,3.0,4.0,4.0,4.0,4.0,4.0,3.0,2.0,3.0,1.0,3.0,1.0,2.0,2.0,2.0,4.0,3.0,1.0,2.0,3.0,2.0,4.0,3.0,7.0,2.0,4.0,3.0,2.0,3.0,5.0,4.0,3.0,3.0,3.0,4.0,1.0,4.0,5.0,2.0,1.0,1.0,5.0,2.8846153846153846
5,"Muséum, Place Emile Guyenot",GENEVE,1207.0,KLEIN,3.0,3.0,3.0,2.0,2.0,4.0,2.0,2.0,2.0,4.0,3.0,3.0,3.0,4.0,4.0,2.0,2.0,2.0,2.0,2.0,2.0,1.0,2.0,4.0,2.0,2.0,2.0,2.0,2.0,2.0,2.0,2.0,2.0,3.0,1.0,2.0,3.0,5.0,3.0,3.0,2.0,1.0,3.0,5.0,2.0,2.0,1.0,4.0,4.0,1.0,1.0,2.0,2.480769230769231
192,"Cimetière de Carouge, Place Sigismond 192",CAROUGE,1227.0,KLEIN,6.0,9.0,4.0,5.0,4.0,6.0,5.0,6.0,3.0,5.0,3.0,5.0,5.0,8.0,5.0,8.0,8.0,4.0,3.0,5.0,6.0,5.0,5.0,8.0,6.0,5.0,8.0,5.0,8.0,4.0,6.0,5.0,4.0,0.0,7.0,5.0,7.0,6.0,6.0,7.0,4.0,5.0,7.0,9.0,7.0,0.0,0.0,0.0,0.0,0.0,0.0,0.0,4.846153846153846
304,"Poste, Chemin Tour de Pinchat / Chemin Place Verte 34",VEYRIER,1234.0,KLEIN,2.0,8.0,4.0,2.0,3.0,2.0,3.0,4.0,3.0,3.0,3.0,4.0,2.0,6.0,6.0,4.0,4.0,4.0,3.0,5.0,4.0,4.0,3.0,6.0,5.0,4.0,4.0,5.0,4.0,2.0,2.0,3.0,2.0,0.0,2.0,5.0,5.0,6.0,5.0,6.0,5.0,5.0,4.0,6.0,6.0,8.0,1.0,3.0,4.0,4.0,2.0,2.0,3.8846153846153846
195,"École de la Tambourine, Chemin Vert",CAROUGE,1227.0,KLEIN,4.0,4.0,3.0,2.0,5.0,4.0,3.0,3.0,2.0,2.0,3.0,3.0,4.0,4.0,10.0,8.0,4.0,4.0,5.0,5.0,3.0,4.0,3.0,6.0,6.0,6.0,4.0,5.0,3.0,2.0,1.0,5.0,4.0,0.0,2.0,4.0,4.0,6.0,5.0,6.0,6.0,6.0,4.0,7.0,6.0,0.0,0.0,0.0,0.0,0.0,0.0,0.0,3.6538461538461537
191,Chemin de la Vigne Rouge 5,CAROUGE,1227.0,KLEIN,3.0,8.0,1.0,1.0,2.0,2.0,2.0,2.0,3.0,2.0,2.0,8.0,2.0,0.0,2.0,4.0,4.0,3.0,1.0,5.0,0.0,4.0,3.0,5.0,0.0,1.0,3.0,5.0,3.0,4.0,1.0,3.0,2.0,0.0,3.0,2.0,2.0,0.0,6.0,6.0,6.0,3.0,5.0,4.0,0.0,0.0,0.0,0.0,0.0,0.0,0.0,0.0,2.4615384615384617
368,Rue des Anémones 4,LANCY-GRAND,1212.0,KLEIN,,,,,,,,,,,,,,,,,,,,,,,,,,,,,,,,,,,,,6.0,6.0,5.0,3.0,1.0,2.0,2.0,2.0,6.0,,,3.0,3.0,3.0,4.0,4.0,3.5714285714285716
369,Route de la Chapelle 29,LANCY-GRAND,1212.0,KLEIN,,,,,,,,,,,,,,,,,,,,,,,,,,,,,,,,,,,,,0.0,0.0,4.0,0.0,2.0,0.0,0.0,3.0,2.0,,,2.0,0.0,3.0,3.0,5.0,1.7142857142857142
112,"déchetterie - Poste, Avenue des Communes Réunies 58-60a",LANCY-GRAND,1212.0,KLEIN,5.0,4.0,4.0,3.0,3.0,4.0,2.0,3.0,2.0,4.0,4.0,3.0,2.0,8.0,4.0,8.0,3.0,3.0,4.0,4.0,4.0,4.0,5.0,5.0,5.0,5.0,8.0,3.0,8.0,1.0,4.0,3.0,2.0,4.0,2.0,4.0,3.0,6.0,6.0,4.0,4.0,4.0,5.0,7.0,5.0,6.0,6.0,4.0,6.0,4.0,2.0,3.0,4.211538461538462
226,déchetterie - Rue du Bachet 8,LANCY-GRAND,1212.0,KLEIN,4.0,5.0,7.0,3.0,5.0,2.0,2.0,2.0,2.0,2.0,4.0,4.0,8.0,3.0,3.0,8.0,3.0,3.0,4.0,4.0,4.0,5.0,4.0,4.0,0.0,8.0,4.0,3.0,6.0,2.0,4.0,3.0,2.0,2.0,5.0,4.0,3.0,6.0,6.0,5.0,4.0,6.0,5.0,7.0,4.0,5.0,6.0,4.0,4.0,4.0,3.0,6.0,4.153846153846154
113,"déchetterie - Coop, Chemin des Palettes 15-25 (1)",LANCY-GRAND,1213.0,KLEIN,3.0,2.0,5.0,2.0,2.0,3.0,2.0,3.0,3.0,3.0,2.0,8.0,3.0,2.0,3.0,8.0,3.0,3.0,4.0,4.0,4.0,5.0,4.0,4.0,4.0,6.0,3.0,3.0,3.0,3.0,3.0,3.0,4.0,3.0,2.0,2.0,4.0,4.0,4.0,5.0,3.0,4.0,2.0,4.0,2.0,3.0,2.0,4.0,3.0,4.0,3.0,3.0,3.423076923076923
114,"déchetterie - Coop, Chemin des Palettes 15-25 (2)",LANCY-GRAND,1212.0,KLEIN,2.0,4.0,4.0,3.0,3.0,2.0,2.0,3.0,1.0,3.0,2.0,2.0,3.0,1.0,2.0,4.0,3.0,3.0,3.0,4.0,4.0,4.0,4.0,4.0,3.0,4.0,3.0,3.0,2.0,4.0,2.0,4.0,4.0,3.0,2.0,2.0,3.0,4.0,4.0,4.0,2.0,4.0,2.0,4.0,5.0,4.0,2.0,5.0,4.0,3.0,2.0,3.0,3.0961538461538463
84,"déchetterie - Cycle du Voiret, Chemin des Semailles",LANCY-GRAND,1212.0,KLEIN,5.0,9.0,2.0,2.0,4.0,2.0,1.0,2.0,2.0,3.0,5.0,4.0,2.0,1.0,2.0,6.0,4.0,3.0,4.0,4.0,3.0,4.0,4.0,4.0,5.0,4.0,3.0,3.0,4.0,3.0,4.0,4.0,3.0,5.0,4.0,6.0,4.0,5.0,4.0,5.0,6.0,5.0,3.0,4.0,6.0,5.0,2.0,6.0,4.0,4.0,3.0,3.0,3.826923076923077
248,Chemin des Mésanges 1,LANCY-GRAND,1212.0,KLEIN,3.0,2.0,3.0,2.0,3.0,2.0,2.0,2.0,1.0,2.0,2.0,4.0,2.0,1.0,2.0,5.0,3.0,3.0,3.0,3.0,3.0,4.0,4.0,2.0,5.0,4.0,3.0,2.0,1.0,2.0,2.0,2.0,3.0,1.0,2.0,2.0,2.0,1.0,2.0,1.0,3.0,2.0,2.0,3.0,1.0,3.0,2.0,2.0,3.0,0.0,1.0,3.0,2.3653846153846154
314,Avenue des Communes Réunies 20,LANCY-GRAND,1212.0,KLEIN,7.0,2.0,2.0,2.0,2.0,1.0,1.0,4.0,2.0,4.0,2.0,2.0,8.0,5.0,3.0,4.0,3.0,2.0,2.0,3.0,3.0,4.0,3.0,2.0,2.0,3.0,5.0,4.0,1.0,1.0,3.0,3.0,2.0,1.0,4.0,2.0,2.0,3.0,3.0,3.0,4.0,0.0,2.0,6.0,3.0,3.0,2.0,3.0,3.0,0.0,2.0,3.0,2.8076923076923075
211,déchetterie - Chemin des Semailles 5,LANCY-GRAND,1212.0,KLEIN,3.0,4.0,4.0,6.0,2.0,3.0,2.0,2.0,2.0,2.0,1.0,4.0,2.0,6.0,3.0,5.0,3.0,3.0,4.0,4.0,3.0,3.0,3.0,3.0,8.0,4.0,4.0,4.0,3.0,1.0,4.0,5.0,2.0,5.0,4.0,5.0,5.0,4.0,4.0,5.0,7.0,5.0,6.0,5.0,5.0,1.0,2.0,4.0,6.0,0.0,2.0,3.0,3.6538461538461537
201,Avenue du Curé Baud 40,LANCY-GRAND,1212.0,KLEIN,1.0,4.0,2.0,2.0,1.0,2.0,1.0,2.0,3.0,2.0,3.0,4.0,2.0,1.0,1.0,4.0,3.0,3.0,3.0,3.0,3.0,2.0,3.0,2.0,0.0,2.0,3.0,4.0,2.0,2.0,5.0,1.0,4.0,1.0,3.0,2.0,2.0,1.0,3.0,3.0,3.0,4.0,4.0,6.0,3.0,2.0,2.0,2.0,2.0,2.0,2.0,1.0,2.4615384615384617
241,déchetterie - Chemin des Courtillets 3,LANCY-GRAND,1212.0,KLEIN,4.0,2.0,4.0,3.0,3.0,3.0,2.0,2.0,4.0,2.0,3.0,8.0,2.0,6.0,3.0,5.0,3.0,3.0,4.0,4.0,3.0,3.0,3.0,6.0,3.0,2.0,5.0,2.0,3.0,4.0,2.0,2.0,1.0,3.0,6.0,3.0,3.0,4.0,3.0,3.0,2.0,4.0,3.0,5.0,5.0,3.0,3.0,3.0,4.0,5.0,4.0,3.0,3.423076923076923
339,déchetterie - Route du Grand-Lancy 34,LANCY-GRAND,1212.0,KLEIN,1.0,1.0,7.0,1.0,2.0,1.0,3.0,3.0,2.0,2.0,1.0,1.0,1.0,3.0,1.0,2.0,1.0,2.0,3.0,3.0,2.0,2.0,2.0,4.0,2.0,1.0,2.0,2.0,1.0,2.0,2.0,2.0,2.0,4.0,2.0,1.0,2.0,2.0,1.0,1.0,2.0,2.0,1.0,2.0,2.0,2.0,4.0,1.0,1.0,1.0,2.0,2.0,1.9615384615384615
333,Chemin des Mérinos 4 (1),LANCY-GRAND,1212.0,KLEIN,2.0,2.0,2.0,3.0,3.0,2.0,1.0,4.0,3.0,2.0,2.0,2.0,3.0,2.0,2.0,0.0,3.0,2.0,3.0,3.0,3.0,2.0,2.0,2.0,0.0,2.0,2.0,0.0,2.0,3.0,3.0,2.0,2.0,6.0,2.0,1.0,1.0,2.0,1.0,1.0,2.0,1.0,1.0,4.0,1.0,2.0,1.0,1.0,2.0,1.0,1.0,2.0,2.0
331,Chemin des Mérinos 4 (2),LANCY-GRAND,1212.0,KLEIN,1.0,2.0,1.0,2.0,2.0,2.0,2.0,2.0,2.0,1.0,2.0,2.0,2.0,2.0,1.0,0.0,1.0,2.0,3.0,3.0,2.0,2.0,1.0,2.0,0.0,2.0,2.0,0.0,2.0,4.0,4.0,2.0,1.0,6.0,2.0,1.0,1.0,2.0,1.0,1.0,2.0,1.0,1.0,1.0,1.0,2.0,4.0,1.0,2.0,1.0,3.0,3.0,1.8269230769230769
166,déchetterie - Chemin des Vignes 2,LANCY-PETIT,1213.0,KLEIN,3.0,2.0,1.0,2.0,1.0,2.0,2.0,5.0,3.0,1.0,1.0,0.0,4.0,1.0,1.0,2.0,1.0,3.0,2.0,1.0,2.0,1.0,2.0,6.0,2.0,1.0,1.0,1.0,1.0,4.0,2.0,3.0,2.0,4.0,2.0,1.0,2.0,2.0,1.0,1.0,2.0,1.0,2.0,2.0,1.0,4.0,3.0,1.0,2.0,1.0,2.0,2.0,1.9615384615384615
196,déchetterie - Place des Ormeaux 25,LANCY-PETIT,1213.0,KLEIN,4.0,4.0,1.0,4.0,3.0,4.0,3.0,3.0,3.0,3.0,3.0,2.0,4.0,4.0,4.0,6.0,4.0,3.0,4.0,4.0,3.0,3.0,3.0,6.0,6.0,4.0,5.0,4.0,2.0,2.0,1.0,3.0,4.0,2.0,5.0,2.0,2.0,2.0,4.0,3.0,2.0,3.0,4.0,5.0,3.0,4.0,5.0,2.0,4.0,2.0,3.0,3.0,3.3846153846153846
213,déchetterie - Chemin des Olliquettes 2a (1),LANCY-PETIT,1213.0,KLEIN,3.0,3.0,1.0,2.0,1.0,3.0,2.0,2.0,2.0,2.0,2.0,2.0,1.0,2.0,1.0,2.0,2.0,2.0,3.0,3.0,3.0,3.0,3.0,4.0,4.0,4.0,4.0,3.0,2.0,2.0,1.0,2.0,2.0,2.0,3.0,1.0,2.0,2.0,3.0,1.0,2.0,4.0,2.0,5.0,3.0,2.0,2.0,3.0,1.0,2.0,4.0,1.0,2.3653846153846154
327,déchetterie - Chemin des Olliquettes 2a (2),LANCY-PETIT,1213.0,KLEIN,4.0,2.0,1.0,3.0,2.0,1.0,1.0,2.0,2.0,2.0,2.0,2.0,1.0,1.0,1.0,2.0,2.0,2.0,3.0,3.0,3.0,4.0,3.0,4.0,2.0,3.0,3.0,3.0,1.0,1.0,4.0,2.0,2.0,2.0,3.0,1.0,2.0,2.0,2.0,1.0,3.0,4.0,2.0,4.0,3.0,2.0,2.0,2.0,2.0,2.0,3.0,1.0,2.25
262,Chemin des Mouilles 7,LANCY-PETIT,1213.0,KLEIN,4.0,8.0,3.0,1.0,3.0,2.0,2.0,2.0,1.0,2.0,3.0,2.0,4.0,8.0,3.0,6.0,2.0,3.0,3.0,3.0,3.0,4.0,3.0,3.0,3.0,3.0,4.0,3.0,2.0,1.0,2.0,4.0,4.0,4.0,6.0,2.0,2.0,4.0,4.0,5.0,4.0,4.0,4.0,6.0,2.0,2.0,2.0,2.0,1.0,3.0,3.0,2.0,3.1923076923076925
209,déchetterie - Vieux Chemin d'Onex 12,LANCY-PETIT,1213.0,KLEIN,3.0,4.0,7.0,2.0,2.0,2.0,1.0,3.0,4.0,3.0,3.0,8.0,3.0,6.0,4.0,6.0,3.0,3.0,4.0,4.0,4.0,4.0,4.0,3.0,5.0,5.0,0.0,4.0,3.0,4.0,2.0,2.0,2.0,4.0,6.0,3.0,4.0,4.0,3.0,3.0,3.0,4.0,4.0,3.0,2.0,1.0,2.0,2.0,2.0,2.0,2.0,2.0,3.326923076923077
136,déchetterie - Route du Grand-Lancy 155,ONEX,1213.0,KLEIN,2.0,8.0,2.0,2.0,3.0,4.0,1.0,2.0,5.0,3.0,4.0,2.0,3.0,3.0,2.0,4.0,4.0,2.0,4.0,2.0,2.0,3.0,4.0,2.0,4.0,4.0,6.0,4.0,3.0,3.0,4.0,2.0,2.0,6.0,4.0,4.0,4.0,6.0,3.0,3.0,5.0,6.0,4.0,3.0,3.0,4.0,3.0,3.0,3.0,3.0,3.0,2.0,3.4038461538461537
110,déchetterie - Bernes en Combes 33,BERNEX,1233.0,KLEIN,4.0,6.0,6.0,3.0,2.0,3.0,3.0,4.0,3.0,2.0,4.0,2.0,3.0,6.0,2.0,8.0,6.0,4.0,4.0,4.0,4.0,4.0,4.0,2.0,4.0,4.0,6.0,4.0,4.0,4.0,2.0,2.0,2.0,5.0,5.0,3.0,4.0,6.0,4.0,4.0,5.0,6.0,6.0,7.0,4.0,6.0,5.0,6.0,6.0,8.0,6.0,4.0,4.326923076923077
165,Chemin du Saule 120,BERNEX,1233.0,KLEIN,3.0,4.0,2.0,3.0,4.0,2.0,2.0,3.0,2.0,1.0,3.0,3.0,2.0,3.0,3.0,4.0,5.0,4.0,4.0,4.0,3.0,4.0,4.0,3.0,3.0,3.0,5.0,4.0,4.0,3.0,3.0,4.0,4.0,4.0,4.0,5.0,4.0,3.0,4.0,4.0,4.0,5.0,3.0,3.0,4.0,3.0,2.0,3.0,1.0,6.0,2.0,2.0,3.3461538461538463
164,Route de Pré-Marais 50,BERNEX,1233.0,KLEIN,3.0,4.0,2.0,1.0,2.0,3.0,2.0,3.0,1.0,2.0,2.0,2.0,3.0,3.0,2.0,8.0,5.0,4.0,4.0,4.0,3.0,4.0,4.0,3.0,4.0,3.0,5.0,4.0,4.0,2.0,5.0,3.0,1.0,3.0,5.0,2.0,4.0,5.0,4.0,4.0,3.0,4.0,4.0,2.0,3.0,4.0,4.0,4.0,3.0,7.0,2.0,2.0,3.3461538461538463
297,Rue Renée Jollien 8,CONFIGNON,1232.0,KLEIN,6.0,5.0,3.0,6.0,1.0,3.0,2.0,3.0,2.0,3.0,3.0,5.0,4.0,3.0,3.0,8.0,0.0,5.0,4.0,4.0,3.0,4.0,0.0,4.0,4.0,3.0,6.0,3.0,6.0,1.0,4.0,4.0,2.0,4.0,5.0,5.0,5.0,4.0,5.0,5.0,4.0,5.0,5.0,2.0,4.0,4.0,3.0,6.0,0.0,4.0,3.0,4.0,3.730769230769231
155,Avenue du Bois-de-la-Chapelle 106,ONEX,1213.0,KLEIN,3.0,4.0,6.0,2.0,2.0,3.0,2.0,3.0,2.0,2.0,3.0,2.0,3.0,2.0,2.0,8.0,4.0,5.0,3.0,4.0,4.0,4.0,5.0,3.0,4.0,4.0,5.0,4.0,5.0,2.0,2.0,4.0,2.0,5.0,2.0,5.0,3.0,5.0,4.0,5.0,4.0,2.0,2.0,4.0,4.0,4.0,3.0,4.0,3.0,2.0,3.0,3.0,3.4615384615384617
316,Chemin du Vieux Moulin (1),ONEX,1213.0,KLEIN,3.0,2.0,3.0,4.0,4.0,2.0,4.0,2.0,2.0,2.0,2.0,3.0,3.0,2.0,3.0,4.0,4.0,3.0,3.0,3.0,2.0,3.0,4.0,2.0,4.0,8.0,4.0,3.0,4.0,4.0,1.0,2.0,2.0,3.0,4.0,2.0,3.0,2.0,2.0,3.0,2.0,3.0,2.0,4.0,3.0,4.0,4.0,2.0,3.0,1.0,3.0,1.0,2.923076923076923
256,Chemin du Vieux Moulin (2),ONEX,1213.0,KLEIN,3.0,2.0,2.0,3.0,2.0,3.0,3.0,2.0,2.0,1.0,2.0,2.0,2.0,2.0,2.0,4.0,4.0,2.0,3.0,3.0,2.0,3.0,3.0,2.0,2.0,8.0,4.0,2.0,4.0,4.0,4.0,2.0,2.0,2.0,4.0,4.0,4.0,2.0,2.0,2.0,2.0,3.0,2.0,2.0,3.0,4.0,1.0,2.0,6.0,2.0,1.0,2.0,2.7115384615384617
320,"Coop, Avenue du Gros-Chêne 14 (1)",ONEX,1213.0,KLEIN,7.0,5.0,4.0,3.0,2.0,5.0,2.0,2.0,4.0,4.0,3.0,8.0,4.0,3.0,6.0,6.0,4.0,4.0,3.0,4.0,3.0,6.0,5.0,4.0,5.0,8.0,3.0,3.0,5.0,2.0,2.0,2.0,2.0,4.0,6.0,4.0,6.0,4.0,4.0,5.0,4.0,4.0,4.0,4.0,3.0,2.0,4.0,3.0,2.0,3.0,4.0,4.0,3.980769230769231
329,"Coop, Avenue du Gros-Chêne 14 (2)",ONEX,1213.0,KLEIN,7.0,2.0,3.0,3.0,2.0,3.0,3.0,3.0,4.0,2.0,1.0,8.0,3.0,2.0,5.0,5.0,4.0,4.0,3.0,4.0,3.0,5.0,4.0,3.0,3.0,8.0,5.0,2.0,5.0,5.0,4.0,2.0,2.0,4.0,5.0,6.0,4.0,5.0,3.0,5.0,5.0,4.0,4.0,3.0,3.0,6.0,3.0,4.0,4.0,2.0,1.0,2.0,3.75
224,déchetterie - Avenue des Grandes-Communes 27 (1),ONEX,1213.0,KLEIN,4.0,3.0,1.0,2.0,2.0,3.0,3.0,2.0,3.0,2.0,4.0,2.0,3.0,8.0,4.0,4.0,4.0,4.0,3.0,4.0,3.0,6.0,4.0,3.0,3.0,5.0,1.0,3.0,5.0,6.0,5.0,4.0,4.0,2.0,4.0,4.0,5.0,2.0,4.0,7.0,4.0,3.0,4.0,6.0,3.0,4.0,3.0,3.0,2.0,3.0,2.0,4.0,3.576923076923077
240,déchetterie - Avenue des Grandes-Communes 27 (2),ONEX,1213.0,KLEIN,5.0,8.0,4.0,3.0,2.0,2.0,2.0,2.0,2.0,2.0,3.0,2.0,2.0,6.0,4.0,6.0,3.0,3.0,4.0,4.0,2.0,6.0,4.0,3.0,1.0,5.0,6.0,3.0,0.0,4.0,5.0,4.0,2.0,4.0,4.0,4.0,3.0,3.0,2.0,4.0,3.0,4.0,4.0,5.0,4.0,4.0,4.0,3.0,3.0,3.0,2.0,4.0,3.480769230769231
275,déchetterie - Avenue du Bois-de-la-Chapelle 21-13 (1),ONEX,1213.0,KLEIN,5.0,4.0,3.0,2.0,4.0,2.0,3.0,4.0,3.0,1.0,2.0,3.0,4.0,2.0,3.0,4.0,4.0,4.0,4.0,4.0,3.0,6.0,3.0,3.0,4.0,6.0,5.0,3.0,6.0,2.0,2.0,2.0,2.0,6.0,3.0,6.0,3.0,3.0,4.0,6.0,3.0,3.0,4.0,2.0,4.0,3.0,4.0,3.0,3.0,3.0,2.0,2.0,3.4423076923076925
276,déchetterie - Avenue du Bois-de-la-Chapelle 21-13 (2),ONEX,1213.0,KLEIN,5.0,8.0,4.0,2.0,4.0,2.0,2.0,2.0,2.0,3.0,2.0,2.0,3.0,2.0,2.0,4.0,4.0,4.0,4.0,4.0,2.0,5.0,3.0,3.0,3.0,4.0,3.0,3.0,4.0,1.0,3.0,4.0,2.0,4.0,3.0,2.0,3.0,3.0,3.0,6.0,3.0,3.0,4.0,1.0,4.0,3.0,4.0,3.0,3.0,4.0,2.0,2.0,3.173076923076923
363,Chemin de la Caroline,LANCY-PETIT,1213.0,KLEIN,3.0,8.0,2.0,1.0,1.0,2.0,1.0,1.0,2.0,2.0,2.0,1.0,2.0,1.0,3.0,4.0,3.0,4.0,4.0,4.0,2.0,4.0,3.0,4.0,3.0,3.0,3.0,3.0,3.0,1.0,4.0,2.0,2.0,2.0,2.0,1.0,3.0,2.0,2.0,2.0,4.0,2.0,4.0,2.0,1.0,2.0,2.0,2.0,2.0,2.0,3.0,2.0,2.5
187,déchetterie - Chemin de la Caroline (1),LANCY-PETIT,1213.0,KLEIN,6.0,5.0,5.0,2.0,3.0,4.0,3.0,3.0,2.0,4.0,5.0,2.0,3.0,4.0,4.0,4.0,3.0,4.0,3.0,4.0,3.0,4.0,5.0,6.0,4.0,5.0,6.0,4.0,4.0,2.0,2.0,4.0,2.0,3.0,4.0,4.0,3.0,3.0,7.0,6.0,6.0,4.0,6.0,2.0,2.0,4.0,3.0,3.0,1.0,2.0,2.0,3.0,3.6923076923076925
188,déchetterie - Chemin de la Caroline (2),LANCY-PETIT,1213.0,KLEIN,6.0,4.0,3.0,2.0,4.0,2.0,3.0,2.0,1.0,4.0,5.0,2.0,3.0,4.0,3.0,6.0,3.0,4.0,4.0,4.0,3.0,3.0,5.0,4.0,6.0,5.0,4.0,3.0,4.0,1.0,4.0,2.0,2.0,3.0,5.0,4.0,3.0,3.0,3.0,4.0,4.0,4.0,6.0,1.0,2.0,4.0,4.0,4.0,1.0,2.0,2.0,2.0,3.3846153846153846
271,déchetterie - Avenue du Bois-de-la-Chapelle 31 / Avenue des Morgines,LANCY-PETIT,1213.0,TEXAID-B,5.0,2.0,4.0,2.0,2.0,1.0,2.0,0.0,1.0,2.0,5.0,10.0,2.0,1.0,3.0,4.0,2.0,4.0,4.0,1.0,3.0,4.0,3.0,3.0,4.0,4.0,4.0,3.0,4.0,5.0,2.0,2.0,2.0,2.0,2.0,1.0,2.0,2.0,2.0,2.0,3.0,3.0,2.0,2.0,2.0,5.0,4.0,3.0,1.0,2.0,3.0,3.0,2.8076923076923075
294,Avenue des Morgines 35,LANCY-PETIT,1213.0,KLEIN,4.0,8.0,1.0,2.0,1.0,8.0,1.0,1.0,1.0,5.0,6.0,3.0,1.0,6.0,1.0,4.0,2.0,3.0,3.0,3.0,3.0,4.0,3.0,4.0,2.0,3.0,1.0,1.0,1.0,5.0,4.0,1.0,1.0,2.0,2.0,1.0,2.0,2.0,2.0,2.0,3.0,2.0,2.0,1.0,2.0,4.0,2.0,2.0,3.0,2.0,2.0,3.0,2.6538461538461537
208,"déchetterie - Florimont, Chemin du Bac 15",LANCY-PETIT,1213.0,KLEIN,3.0,8.0,4.0,2.0,4.0,0.0,2.0,2.0,3.0,5.0,2.0,2.0,6.0,7.0,5.0,4.0,4.0,4.0,4.0,4.0,3.0,4.0,1.0,4.0,4.0,4.0,4.0,3.0,8.0,4.0,2.0,1.0,2.0,4.0,3.0,4.0,3.0,2.0,3.0,2.0,2.0,2.0,3.0,2.0,4.0,5.0,3.0,1.0,3.0,3.0,2.0,4.0,3.3461538461538463
94,déchetterie - Avenue du Plateau 4,LANCY-PETIT,1213.0,KLEIN,4.0,4.0,3.0,2.0,2.0,2.0,1.0,2.0,3.0,6.0,4.0,1.0,6.0,6.0,5.0,8.0,4.0,4.0,4.0,4.0,3.0,4.0,3.0,4.0,4.0,4.0,5.0,3.0,1.0,6.0,1.0,2.0,2.0,2.0,2.0,3.0,2.0,2.0,2.0,2.0,2.0,2.0,3.0,2.0,2.0,3.0,3.0,2.0,2.0,3.0,2.0,3.0,3.0961538461538463
197,"déchetterie - Foyer Handicap, Avenue du Petit-Lancy",LANCY-PETIT,1213.0,KLEIN,4.0,2.0,3.0,2.0,2.0,2.0,2.0,6.0,2.0,3.0,6.0,2.0,7.0,8.0,7.0,8.0,4.0,3.0,4.0,4.0,4.0,4.0,3.0,4.0,4.0,4.0,6.0,3.0,3.0,6.0,2.0,2.0,2.0,3.0,2.0,3.0,3.0,1.0,2.0,2.0,1.0,2.0,4.0,2.0,2.0,4.0,4.0,1.0,3.0,4.0,3.0,3.0,3.4038461538461537
309,Chemin Daniel-ihly 4-6,LANCY-PETIT,1213.0,KLEIN,1.0,2.0,2.0,2.0,2.0,3.0,2.0,3.0,5.0,4.0,3.0,10.0,5.0,8.0,7.0,4.0,3.0,3.0,4.0,3.0,3.0,3.0,3.0,4.0,4.0,4.0,6.0,3.0,3.0,4.0,1.0,3.0,2.0,3.0,3.0,5.0,3.0,4.0,3.0,2.0,4.0,2.0,2.0,4.0,3.0,2.0,4.0,0.0,1.0,4.0,3.0,3.0,3.3461538461538463
336,Avenue du Cimetière 10a,LANCY-PETIT,1213.0,KLEIN,2.0,1.0,0.0,1.0,2.0,3.0,3.0,4.0,3.0,5.0,6.0,2.0,7.0,4.0,8.0,0.0,3.0,3.0,4.0,3.0,3.0,3.0,3.0,3.0,3.0,4.0,8.0,3.0,4.0,6.0,1.0,3.0,2.0,5.0,2.0,4.0,2.0,4.0,5.0,2.0,2.0,3.0,3.0,2.0,2.0,3.0,4.0,3.0,1.0,3.0,3.0,3.0,3.1923076923076925
308,"Procter & Gamble, Chemin de Clair Vue / Route de St Georges 47",LANCY-PETIT,1213.0,KLEIN,0.0,2.0,3.0,1.0,1.0,1.0,1.0,3.0,2.0,3.0,1.0,3.0,7.0,0.0,8.0,1.0,2.0,0.0,2.0,1.0,0.0,0.0,0.0,1.0,1.0,0.0,4.0,1.0,3.0,2.0,4.0,3.0,2.0,2.0,0.0,5.0,2.0,1.0,3.0,0.0,2.0,1.0,2.0,0.0,2.0,1.0,5.0,2.0,4.0,3.0,2.0,3.0,1.9807692307692308
176,déchetterie - Chemin du Fief du Chapitre 4 (1),LANCY-PETIT,1213.0,KLEIN,5.0,3.0,5.0,2.0,3.0,0.0,2.0,2.0,3.0,4.0,2.0,3.0,8.0,7.0,5.0,2.0,2.0,2.0,4.0,3.0,3.0,3.0,3.0,3.0,5.0,4.0,3.0,3.0,3.0,4.0,1.0,2.0,4.0,2.0,1.0,3.0,4.0,2.0,2.0,2.0,2.0,3.0,2.0,2.0,2.0,2.0,4.0,1.0,3.0,5.0,4.0,3.0,3.019230769230769
325,déchetterie - Chemin du Fief du Chapitre 4 (2),LANCY-PETIT,1213.0,KLEIN,5.0,3.0,4.0,3.0,3.0,0.0,1.0,2.0,3.0,4.0,1.0,1.0,8.0,1.0,5.0,3.0,2.0,4.0,4.0,3.0,4.0,3.0,3.0,3.0,3.0,4.0,3.0,3.0,3.0,6.0,2.0,2.0,4.0,2.0,1.0,1.0,3.0,2.0,2.0,2.0,2.0,3.0,2.0,1.0,2.0,2.0,6.0,2.0,4.0,3.0,3.0,3.0,2.8653846153846154
135,"École, Route de Soral (1)",BERNEX-LULLY,1233.0,KLEIN,7.0,4.0,4.0,5.0,4.0,2.0,4.0,4.0,3.0,3.0,3.0,3.0,3.0,8.0,7.0,5.0,4.0,3.0,4.0,6.0,6.0,4.0,8.0,6.0,5.0,0.0,6.0,6.0,8.0,4.0,1.0,4.0,4.0,5.0,6.0,5.0,3.0,4.0,5.0,5.0,4.0,7.0,4.0,8.0,4.0,8.0,5.0,4.0,6.0,5.0,4.0,3.0,4.673076923076923
133,"École, Route de Soral (2)",BERNEX-LULLY,1233.0,KLEIN,2.0,3.0,2.0,5.0,2.0,2.0,2.0,4.0,1.0,2.0,2.0,2.0,2.0,2.0,7.0,8.0,3.0,3.0,4.0,3.0,3.0,3.0,3.0,4.0,5.0,0.0,1.0,3.0,4.0,5.0,8.0,3.0,3.0,3.0,4.0,5.0,2.0,5.0,2.0,3.0,4.0,3.0,5.0,1.0,5.0,4.0,5.0,1.0,4.0,5.0,4.0,4.0,3.3653846153846154
140,déchetterie - Chemin des Grands-Buissons 21,BERNEX-SEZENOVE,1233.0,KLEIN,2.0,2.0,5.0,2.0,2.0,4.0,2.0,2.0,2.0,2.0,2.0,2.0,2.0,2.0,4.0,6.0,4.0,3.0,4.0,4.0,3.0,4.0,5.0,4.0,4.0,0.0,4.0,4.0,5.0,1.0,1.0,3.0,4.0,2.0,2.0,3.0,3.0,4.0,5.0,2.0,3.0,3.0,3.0,1.0,4.0,0.0,3.0,3.0,6.0,3.0,4.0,6.0,3.076923076923077
132,déchetterie - Avenue de Cavoitanne 99,LACONNEX,1287.0,KLEIN,7.0,2.0,3.0,2.0,3.0,4.0,1.0,4.0,3.0,3.0,2.0,1.0,3.0,3.0,3.0,5.0,3.0,3.0,4.0,4.0,2.0,3.0,6.0,6.0,3.0,0.0,4.0,6.0,4.0,8.0,8.0,2.0,4.0,3.0,4.0,4.0,3.0,6.0,4.0,2.0,4.0,3.0,4.0,3.0,4.0,3.0,2.0,4.0,6.0,2.0,4.0,3.0,3.5961538461538463
134,"Mairie, Route du Creux de Boisset 23",SORAL,1286.0,KLEIN,2.0,1.0,1.0,1.0,1.0,2.0,2.0,4.0,2.0,2.0,8.0,2.0,2.0,2.0,2.0,4.0,3.0,3.0,3.0,5.0,4.0,2.0,1.0,2.0,2.0,0.0,3.0,2.0,3.0,2.0,8.0,1.0,3.0,2.0,1.0,2.0,1.0,2.0,3.0,2.0,2.0,2.0,3.0,0.0,5.0,5.0,0.0,1.0,3.0,2.0,2.0,3.0,2.423076923076923
138,Creux du Loup 44,AVUSY-SEZEGNIN,1285.0,KLEIN,3.0,2.0,3.0,2.0,4.0,2.0,1.0,2.0,1.0,2.0,3.0,3.0,3.0,1.0,4.0,5.0,4.0,3.0,5.0,8.0,4.0,2.0,4.0,3.0,5.0,0.0,2.0,4.0,4.0,2.0,1.0,2.0,3.0,2.0,2.0,2.0,2.0,2.0,2.0,2.0,2.0,2.0,2.0,1.0,4.0,4.0,0.0,1.0,5.0,2.0,3.0,3.0,2.6923076923076925
137,déchetterie - Chemin des Quoattes 89,AVUSY,1285.0,KLEIN,1.0,3.0,2.0,2.0,2.0,2.0,2.0,2.0,2.0,2.0,2.0,2.0,8.0,2.0,3.0,5.0,4.0,4.0,5.0,3.0,3.0,6.0,2.0,3.0,4.0,0.0,2.0,8.0,3.0,8.0,2.0,2.0,2.0,2.0,3.0,2.0,3.0,2.0,1.0,3.0,2.0,2.0,3.0,3.0,4.0,2.0,0.0,1.0,4.0,2.0,2.0,3.0,2.826923076923077
121,déchetterie - Route de Belgarde 24 (ex. Route de Chancy 22),CHANCY,1284.0,KLEIN,6.0,3.0,3.0,4.0,3.0,2.0,1.0,5.0,3.0,3.0,4.0,5.0,5.0,6.0,4.0,8.0,8.0,4.0,4.0,8.0,6.0,6.0,6.0,5.0,6.0,0.0,8.0,6.0,8.0,4.0,8.0,5.0,5.0,4.0,6.0,7.0,6.0,5.0,7.0,5.0,6.0,6.0,6.0,7.0,5.0,2.0,4.0,5.0,7.0,3.0,4.0,3.0,5.0
313,déchetterie - Avenue de Genecy,AVULLY,1237.0,KLEIN,6.0,4.0,6.0,4.0,2.0,4.0,2.0,2.0,3.0,2.0,3.0,3.0,5.0,3.0,5.0,6.0,4.0,4.0,5.0,6.0,5.0,4.0,6.0,5.0,4.0,0.0,8.0,8.0,5.0,2.0,1.0,5.0,4.0,5.0,6.0,4.0,2.0,5.0,7.0,5.0,6.0,6.0,4.0,4.0,5.0,3.0,5.0,3.0,5.0,3.0,2.0,3.0,4.211538461538462
312,déchetterie - Route d'Avully 23,AVULLY,1237.0,KLEIN,1.0,3.0,5.0,2.0,3.0,2.0,1.0,3.0,3.0,3.0,8.0,2.0,3.0,1.0,2.0,5.0,3.0,4.0,5.0,4.0,6.0,4.0,3.0,3.0,4.0,0.0,2.0,4.0,4.0,4.0,2.0,6.0,5.0,2.0,4.0,4.0,3.0,3.0,7.0,2.0,3.0,4.0,4.0,3.0,4.0,0.0,0.0,4.0,4.0,1.0,2.0,3.0,3.2115384615384617
249,déchetterie - Pré de la Reine 2,CARTIGNY,1236.0,KLEIN,6.0,3.0,5.0,4.0,4.0,3.0,1.0,2.0,4.0,2.0,3.0,8.0,3.0,5.0,8.0,8.0,4.0,4.0,5.0,5.0,3.0,3.0,4.0,4.0,4.0,0.0,2.0,4.0,5.0,2.0,2.0,3.0,2.0,3.0,3.0,5.0,4.0,3.0,4.0,2.0,2.0,4.0,5.0,4.0,3.0,7.0,4.0,4.0,4.0,3.0,2.0,3.0,3.730769230769231
222,Route de Challex 29-17,DARDAGNY-LA PLAINE,1283.0,KLEIN,5.0,1.0,3.0,2.0,2.0,2.0,2.0,2.0,2.0,2.0,2.0,2.0,8.0,5.0,3.0,4.0,4.0,4.0,4.0,4.0,3.0,4.0,4.0,8.0,4.0,0.0,2.0,4.0,4.0,3.0,1.0,4.0,5.0,3.0,4.0,4.0,6.0,2.0,2.0,4.0,2.0,5.0,2.0,4.0,2.0,2.0,4.0,4.0,2.0,4.0,2.0,4.0,3.2884615384615383
139,déchetterie - Route de la Plaine 75,DARDAGNY-LA PLAINE,1283.0,KLEIN,4.0,1.0,4.0,2.0,8.0,4.0,1.0,4.0,2.0,1.0,1.0,10.0,4.0,2.0,2.0,5.0,4.0,4.0,4.0,4.0,3.0,4.0,5.0,4.0,4.0,0.0,4.0,0.0,4.0,1.0,8.0,2.0,4.0,4.0,3.0,2.0,5.0,2.0,3.0,2.0,6.0,3.0,2.0,4.0,2.0,2.0,3.0,1.0,3.0,2.0,2.0,4.0,3.25
117,déchetterie - Route de la Donzelle 22,DARDAGNY-LA PLAINE,1283.0,KLEIN,5.0,3.0,1.0,2.0,2.0,2.0,2.0,4.0,3.0,1.0,8.0,2.0,3.0,4.0,2.0,6.0,4.0,4.0,4.0,4.0,4.0,6.0,4.0,4.0,4.0,0.0,4.0,2.0,4.0,1.0,8.0,5.0,3.0,2.0,5.0,4.0,3.0,4.0,2.0,3.0,3.0,4.0,3.0,3.0,2.0,0.0,0.0,3.0,3.0,2.0,1.0,3.0,3.173076923076923
370,déchetterie - Chemin des Christophes,RUSSIN,1281.0,VILLIGER,2.0,3.0,1.0,0.0,2.0,2.0,1.0,4.0,2.0,2.0,2.0,2.0,1.0,1.0,4.0,5.0,1.0,2.0,4.0,3.0,0.0,3.0,3.0,2.0,3.0,0.0,1.0,1.0,4.0,5.0,1.0,1.0,4.0,4.0,1.0,2.0,6.0,4.0,0.0,4.0,2.0,4.0,1.0,0.0,2.0,0.0,0.0,3.0,3.0,2.0,1.0,1.0,2.1538461538461537
298,"Voirie, Chemin de Merdisel 5",SATIGNY,1242.0,KLEIN,7.0,6.0,3.0,6.0,8.0,2.0,2.0,3.0,2.0,2.0,2.0,1.0,5.0,9.0,8.0,6.0,6.0,4.0,8.0,6.0,3.0,4.0,1.0,4.0,5.0,0.0,8.0,6.0,6.0,5.0,1.0,4.0,3.0,6.0,6.0,5.0,6.0,5.0,2.0,2.0,5.0,5.0,5.0,9.0,6.0,4.0,7.0,5.0,3.0,5.0,6.0,3.0,4.634615384615385
371,"déchetterie de Châtillon, Chemin des Commuaux (1)",BERNEX ESREC,1233.0,TEXAID-B,8.0,8.0,6.0,6.0,5.0,4.0,6.0,8.0,5.0,2.0,4.0,3.0,3.0,4.0,3.0,4.0,4.0,4.0,8.0,8.0,6.0,4.0,4.0,4.0,2.0,0.0,8.0,6.0,8.0,6.0,8.0,6.0,6.0,8.0,8.0,6.0,8.0,5.0,5.0,6.0,5.0,7.0,6.0,10.0,3.0,4.0,4.0,3.0,2.0,1.0,3.0,0.0,5.096153846153846
372,"déchetterie de Châtillon, Chemin des Commuaux (2)",BERNEX ESREC,1233.0,TEXAID-B,4.0,8.0,4.0,4.0,4.0,3.0,4.0,2.0,3.0,1.0,3.0,1.0,2.0,0.0,2.0,4.0,3.0,4.0,2.0,6.0,4.0,4.0,3.0,3.0,1.0,0.0,2.0,2.0,3.0,1.0,1.0,6.0,6.0,8.0,2.0,3.0,6.0,5.0,3.0,2.0,5.0,4.0,1.0,4.0,9.0,4.0,3.0,4.0,3.0,1.0,3.0,4.0,3.3461538461538463
373,"déchetterie de Châtillon, Chemin des Commuaux (3)",BERNEX ESREC,1233.0,TEXAID-B,2.0,5.0,1.0,4.0,2.0,4.0,4.0,4.0,1.0,0.0,1.0,1.0,4.0,0.0,10.0,2.0,2.0,0.0,0.0,6.0,3.0,1.0,2.0,1.0,0.0,0.0,0.0,0.0,0.0,4.0,2.0,4.0,6.0,6.0,2.0,1.0,2.0,5.0,1.0,2.0,5.0,2.0,1.0,0.0,1.0,5.0,7.0,5.0,6.0,1.0,4.0,3.0,2.5961538461538463
163,"Arrêt TPG, Route de Base 88",PERLY-CERTOUX,1258.0,KLEIN,1.0,2.0,1.0,2.0,1.0,2.0,1.0,2.0,2.0,2.0,2.0,2.0,1.0,6.0,3.0,5.0,3.0,4.0,3.0,5.0,3.0,4.0,3.0,4.0,3.0,0.0,2.0,3.0,5.0,2.0,1.0,2.0,2.0,5.0,2.0,2.0,4.0,4.0,3.0,4.0,4.0,2.0,4.0,3.0,3.0,2.0,3.0,3.0,2.0,1.0,1.0,3.0,2.673076923076923
255,déchetterie - Route de Certoux 57 (1),PERLY-CERTOUX,1258.0,KLEIN,7.0,4.0,4.0,2.0,2.0,3.0,8.0,3.0,3.0,2.0,2.0,3.0,8.0,6.0,4.0,5.0,5.0,4.0,4.0,4.0,6.0,4.0,8.0,4.0,5.0,0.0,6.0,4.0,6.0,2.0,2.0,3.0,4.0,5.0,6.0,3.0,2.0,5.0,3.0,6.0,6.0,4.0,4.0,9.0,3.0,4.0,3.0,3.0,4.0,3.0,3.0,4.0,4.173076923076923
234,déchetterie - Route de Certoux 57 (2),PERLY-CERTOUX,1258.0,KLEIN,7.0,3.0,2.0,2.0,1.0,2.0,2.0,2.0,1.0,2.0,2.0,1.0,8.0,3.0,3.0,5.0,4.0,4.0,4.0,4.0,5.0,4.0,4.0,4.0,5.0,0.0,6.0,4.0,6.0,4.0,8.0,3.0,4.0,5.0,6.0,3.0,6.0,5.0,3.0,6.0,6.0,3.0,5.0,5.0,5.0,6.0,6.0,4.0,4.0,6.0,4.0,4.0,4.0576923076923075
179,"déchetterie - Bât. du Feu, Route de Fémé 31",BARDONNEX,1257.0,KLEIN,3.0,6.0,4.0,2.0,2.0,3.0,3.0,4.0,3.0,2.0,4.0,4.0,2.0,9.0,5.0,6.0,5.0,4.0,4.0,4.0,6.0,5.0,8.0,6.0,5.0,0.0,8.0,5.0,4.0,8.0,2.0,2.0,1.0,4.0,5.0,5.0,6.0,5.0,3.0,6.0,6.0,8.0,5.0,9.0,7.0,5.0,4.0,5.0,3.0,5.0,4.0,3.0,4.5576923076923075
219,Route de la Chapelle / Chemin de Compostelle (1),LANCY-GRAND,1212.0,KLEIN,3.0,8.0,1.0,2.0,2.0,1.0,2.0,2.0,3.0,2.0,2.0,3.0,8.0,7.0,4.0,6.0,5.0,4.0,6.0,4.0,6.0,6.0,8.0,6.0,4.0,0.0,8.0,8.0,4.0,4.0,1.0,3.0,2.0,7.0,2.0,6.0,6.0,5.0,5.0,7.0,6.0,3.0,4.0,5.0,2.0,7.0,4.0,4.0,6.0,2.0,2.0,3.0,4.25
220,Route de la Chapelle / Chemin de Compostelle (2),LANCY-GRAND,1212.0,KLEIN,3.0,6.0,1.0,3.0,2.0,2.0,1.0,2.0,3.0,1.0,7.0,2.0,3.0,6.0,3.0,5.0,5.0,4.0,6.0,4.0,6.0,5.0,4.0,3.0,4.0,0.0,4.0,8.0,5.0,2.0,1.0,3.0,2.0,7.0,2.0,6.0,4.0,5.0,5.0,7.0,2.0,3.0,2.0,6.0,2.0,7.0,4.0,5.0,4.0,4.0,3.0,4.0,3.8076923076923075
177,"déchetterie - Église Arménienne, Chemin Lullin",TROINEX,1256.0,KLEIN,1.0,5.0,2.0,4.0,4.0,2.0,4.0,4.0,2.0,2.0,1.0,2.0,2.0,8.0,2.0,6.0,3.0,4.0,5.0,4.0,4.0,6.0,2.0,4.0,4.0,0.0,4.0,8.0,5.0,8.0,1.0,3.0,2.0,4.0,5.0,2.0,4.0,4.0,4.0,6.0,2.0,4.0,4.0,1.0,4.0,5.0,5.0,4.0,2.0,2.0,2.0,3.0,3.5576923076923075
144,déchetterie - Route des Tournettes / Chemin des Marais (1),VEYRIER,1255.0,KLEIN,1.0,6.0,6.0,2.0,3.0,4.0,2.0,2.0,2.0,5.0,7.0,3.0,2.0,8.0,4.0,8.0,6.0,4.0,5.0,6.0,8.0,6.0,6.0,5.0,4.0,0.0,5.0,6.0,4.0,2.0,1.0,4.0,2.0,6.0,6.0,3.0,6.0,6.0,7.0,7.0,7.0,6.0,6.0,5.0,5.0,3.0,2.0,3.0,3.0,5.0,3.0,4.0,4.461538461538462
141,déchetterie - Route des Tournettes / Chemin des Marais (2),VEYRIER,1255.0,KLEIN,1.0,5.0,5.0,2.0,2.0,2.0,8.0,2.0,3.0,4.0,6.0,2.0,2.0,6.0,3.0,8.0,6.0,3.0,4.0,4.0,8.0,5.0,4.0,4.0,4.0,0.0,3.0,4.0,4.0,4.0,8.0,4.0,3.0,6.0,4.0,3.0,4.0,4.0,2.0,7.0,4.0,6.0,3.0,4.0,6.0,4.0,5.0,5.0,4.0,4.0,4.0,5.0,4.173076923076923
156,"Service du Feu, Chemin des Rasses 84",VEYRIER,1255.0,KLEIN,2.0,3.0,5.0,3.0,4.0,3.0,2.0,2.0,3.0,1.0,8.0,8.0,4.0,8.0,4.0,8.0,5.0,3.0,5.0,5.0,8.0,5.0,5.0,5.0,4.0,0.0,5.0,8.0,6.0,4.0,2.0,5.0,4.0,6.0,3.0,4.0,3.0,5.0,3.0,6.0,5.0,4.0,6.0,8.0,6.0,6.0,4.0,1.0,4.0,1.0,3.0,2.0,4.365384615384615
302,"Parking, Chemin des Etournelles 4",VEYRIER,1255.0,KLEIN,1.0,6.0,4.0,3.0,6.0,2.0,8.0,4.0,4.0,3.0,7.0,4.0,6.0,8.0,3.0,8.0,6.0,3.0,8.0,6.0,8.0,6.0,6.0,6.0,4.0,0.0,6.0,8.0,6.0,2.0,1.0,5.0,4.0,7.0,3.0,6.0,4.0,7.0,8.0,6.0,6.0,6.0,5.0,9.0,8.0,4.0,6.0,1.0,3.0,1.0,2.0,5.0,4.980769230769231
203,déchetterie - le Grand-Donezel / Antoine Martin / Bois Gourmand (1),VEYRIER,1255.0,KLEIN,1.0,3.0,3.0,2.0,8.0,3.0,2.0,3.0,2.0,3.0,7.0,2.0,3.0,8.0,2.0,8.0,5.0,4.0,4.0,6.0,6.0,6.0,5.0,4.0,6.0,0.0,5.0,6.0,6.0,1.0,2.0,6.0,5.0,4.0,6.0,6.0,2.0,4.0,7.0,6.0,6.0,6.0,2.0,6.0,3.0,4.0,4.0,1.0,2.0,1.0,3.0,4.0,4.115384615384615
204,déchetterie - le Grand-Donezel / Antoine Martin / Bois Gourmand (2),VEYRIER,1555.0,KLEIN,2.0,0.0,4.0,3.0,5.0,2.0,2.0,2.0,1.0,3.0,8.0,2.0,3.0,6.0,10.0,8.0,5.0,3.0,4.0,6.0,6.0,3.0,5.0,4.0,4.0,0.0,3.0,4.0,5.0,1.0,1.0,4.0,5.0,4.0,6.0,6.0,2.0,5.0,6.0,5.0,5.0,6.0,6.0,5.0,6.0,5.0,6.0,2.0,3.0,1.0,3.0,4.0,4.038461538461538
152,"École de Pinchat, Chemin Tour de Pinchat 4 (1)",VEYRIER,1234.0,KLEIN,1.0,4.0,2.0,1.0,2.0,10.0,8.0,2.0,2.0,1.0,1.0,7.0,7.0,8.0,3.0,5.0,4.0,3.0,6.0,4.0,4.0,3.0,4.0,4.0,4.0,0.0,3.0,6.0,3.0,6.0,2.0,2.0,2.0,2.0,1.0,1.0,2.0,2.0,2.0,2.0,2.0,3.0,1.0,4.0,2.0,4.0,4.0,4.0,3.0,1.0,1.0,3.0,3.230769230769231
153,"École de Pinchat, Chemin Tour de Pinchat 4 (2)",VEYRIER,1234.0,KLEIN,1.0,2.0,1.0,2.0,4.0,1.0,2.0,4.0,1.0,3.0,2.0,7.0,7.0,3.0,2.0,5.0,3.0,3.0,6.0,4.0,0.0,3.0,3.0,2.0,1.0,0.0,2.0,1.0,1.0,6.0,1.0,2.0,1.0,2.0,1.0,1.0,2.0,3.0,2.0,2.0,4.0,3.0,1.0,0.0,2.0,2.0,4.0,3.0,2.0,2.0,1.0,3.0,2.423076923076923
198,Chemin Charles Poluzzi 41,CAROUGE,1227.0,KLEIN,1.0,4.0,1.0,2.0,4.0,2.0,6.0,2.0,4.0,3.0,2.0,7.0,7.0,0.0,1.0,6.0,4.0,2.0,3.0,3.0,3.0,3.0,3.0,2.0,2.0,0.0,3.0,2.0,2.0,6.0,8.0,1.0,1.0,2.0,0.0,1.0,4.0,3.0,7.0,4.0,1.0,3.0,3.0,1.0,2.0,1.0,0.0,0.0,2.0,0.0,0.0,3.0,2.6346153846153846
193,"déchetterie - Parking de la Fontennette, Rue de la Fontenette",CAROUGE,1227.0,KLEIN,3.0,2.0,5.0,8.0,2.0,1.0,4.0,5.0,4.0,3.0,8.0,5.0,2.0,4.0,8.0,6.0,4.0,4.0,3.0,3.0,3.0,3.0,3.0,4.0,5.0,0.0,3.0,3.0,2.0,8.0,8.0,5.0,4.0,2.0,2.0,1.0,0.0,5.0,8.0,0.0,5.0,6.0,2.0,3.0,1.0,1.0,0.0,0.0,2.0,0.0,0.0,3.0,3.3846153846153846
183,"Parking de la Fontenette, Route de Veyrier 51",CAROUGE,1227.0,KLEIN,2.0,5.0,7.0,8.0,3.0,4.0,2.0,5.0,3.0,3.0,7.0,6.0,2.0,6.0,8.0,6.0,4.0,3.0,4.0,5.0,5.0,4.0,6.0,5.0,5.0,0.0,3.0,8.0,2.0,8.0,4.0,5.0,4.0,2.0,3.0,1.0,2.0,7.0,7.0,4.0,5.0,6.0,3.0,9.0,1.0,2.0,0.0,0.0,3.0,0.0,0.0,0.0,3.980769230769231
194,déchetterie - Cardinal Miermillod 44,CAROUGE,1227.0,KLEIN,3.0,5.0,9.0,8.0,3.0,3.0,2.0,5.0,2.0,2.0,8.0,5.0,4.0,6.0,8.0,6.0,5.0,3.0,4.0,6.0,6.0,4.0,4.0,5.0,6.0,0.0,3.0,8.0,4.0,8.0,4.0,4.0,4.0,2.0,2.0,1.0,2.0,7.0,7.0,5.0,5.0,6.0,6.0,9.0,2.0,2.0,0.0,0.0,2.0,0.0,0.0,3.0,4.1923076923076925
162,"Maison de Retraite, Route de Veyrier 85, Vessy",VEYRIER,1234.0,KLEIN,1.0,2.0,1.0,1.0,1.0,3.0,2.0,4.0,2.0,3.0,2.0,1.0,0.0,0.0,3.0,3.0,2.0,3.0,0.0,4.0,4.0,2.0,1.0,1.0,3.0,1.0,4.0,3.0,1.0,1.0,1.0,4.0,4.0,3.0,2.0,1.0,2.0,2.0,4.0,2.0,1.0,1.0,2.0,2.0,2.0,1.0,3.0,1.0,1.0,1.0,1.0,2.0,1.9615384615384615
158,Chemin des Pontets 11 (1),LANCY-GRAND,1212.0,KLEIN,3.0,2.0,1.0,1.0,1.0,2.0,1.0,1.0,1.0,3.0,2.0,8.0,7.0,4.0,4.0,4.0,3.0,2.0,3.0,2.0,3.0,2.0,3.0,2.0,3.0,4.0,3.0,6.0,1.0,4.0,1.0,2.0,2.0,3.0,2.0,1.0,4.0,5.0,4.0,3.0,2.0,3.0,2.0,1.0,2.0,5.0,5.0,4.0,3.0,3.0,3.0,2.0,2.8461538461538463
159,Chemin des Pontets 11 (2),LANCY-GRAND,1212.0,KLEIN,6.0,2.0,1.0,1.0,2.0,2.0,1.0,0.0,2.0,2.0,2.0,2.0,3.0,5.0,2.0,4.0,3.0,3.0,3.0,4.0,3.0,2.0,3.0,2.0,3.0,3.0,2.0,3.0,2.0,3.0,2.0,2.0,2.0,4.0,4.0,2.0,3.0,5.0,3.0,3.0,3.0,3.0,2.0,4.0,2.0,5.0,4.0,5.0,3.0,3.0,1.0,2.0,2.75
227,Chemin des Pontets 25,LANCY-GRAND,1212.0,KLEIN,7.0,2.0,1.0,2.0,2.0,2.0,3.0,1.0,2.0,2.0,2.0,2.0,0.0,3.0,3.0,4.0,3.0,4.0,3.0,4.0,3.0,2.0,3.0,2.0,3.0,3.0,2.0,3.0,3.0,2.0,2.0,4.0,2.0,2.0,3.0,1.0,2.0,2.0,4.0,3.0,2.0,6.0,3.0,5.0,2.0,2.0,3.0,4.0,3.0,3.0,4.0,2.0,2.730769230769231
175,déchetterie - Avenue Eugène Lance 68,LANCY-GRAND,1212.0,KLEIN,2.0,4.0,2.0,3.0,2.0,2.0,2.0,1.0,2.0,2.0,1.0,3.0,7.0,9.0,4.0,8.0,3.0,6.0,3.0,4.0,6.0,3.0,3.0,2.0,3.0,4.0,5.0,4.0,4.0,4.0,2.0,4.0,2.0,4.0,3.0,1.0,3.0,6.0,4.0,5.0,3.0,3.0,0.0,0.0,0.0,0.0,0.0,4.0,2.0,2.0,2.0,1.0,3.0576923076923075
221,déchetterie - Rue du Bachet 8,LANCY-GRAND,1212.0,KLEIN,2.0,2.0,1.0,0.0,2.0,1.0,1.0,2.0,1.0,2.0,1.0,1.0,2.0,3.0,3.0,3.0,2.0,4.0,2.0,2.0,4.0,2.0,3.0,3.0,3.0,3.0,9.0,4.0,3.0,2.0,1.0,4.0,3.0,3.0,2.0,1.0,3.0,3.0,2.0,4.0,3.0,3.0,4.0,3.0,1.0,1.0,2.0,3.0,2.0,2.0,2.0,2.0,2.4423076923076925
266,déchetterie - Chemin des Fraisiers 17,LANCY-GRAND,1212.0,KLEIN,2.0,1.0,2.0,2.0,2.0,1.0,2.0,1.0,3.0,5.0,4.0,2.0,7.0,6.0,4.0,4.0,4.0,7.0,4.0,4.0,6.0,2.0,4.0,3.0,4.0,4.0,3.0,4.0,4.0,2.0,3.0,3.0,1.0,5.0,2.0,2.0,2.0,4.0,5.0,4.0,2.0,4.0,2.0,3.0,3.0,2.0,4.0,2.0,2.0,2.0,4.0,2.0,3.1923076923076925
299,déchetterie - Chemin des Fraisiers 5-7,LANCY-GRAND,1212.0,KLEIN,1.0,1.0,1.0,1.0,0.0,1.0,2.0,0.0,2.0,3.0,3.0,1.0,1.0,0.0,1.0,3.0,4.0,4.0,1.0,2.0,6.0,2.0,2.0,0.0,2.0,2.0,1.0,3.0,2.0,1.0,2.0,3.0,1.0,2.0,3.0,1.0,1.0,2.0,1.0,3.0,1.0,1.0,1.0,1.0,3.0,2.0,2.0,1.0,9.0,3.0,2.0,2.0,1.9230769230769231
319,Chemin des Verjus,LANCY-GRAND,1212.0,KLEIN,1.0,2.0,1.0,0.0,1.0,2.0,3.0,1.0,1.0,2.0,1.0,1.0,1.0,3.0,1.0,4.0,3.0,4.0,2.0,4.0,3.0,2.0,2.0,2.0,3.0,3.0,1.0,3.0,2.0,1.0,1.0,3.0,1.0,3.0,3.0,3.0,2.0,3.0,3.0,4.0,3.0,3.0,6.0,3.0,4.0,2.0,2.0,2.0,2.0,2.0,1.0,2.0,2.269230769230769
232,déchetterie - Chemin Sous-le-Clos (1),CONFIGNON,1232.0,KLEIN,3.0,4.0,3.0,4.0,2.0,1.0,2.0,2.0,1.0,5.0,4.0,2.0,2.0,8.0,1.0,4.0,3.0,4.0,4.0,4.0,4.0,3.0,3.0,3.0,3.0,4.0,4.0,4.0,2.0,1.0,2.0,4.0,3.0,7.0,3.0,2.0,2.0,5.0,4.0,2.0,6.0,4.0,5.0,7.0,4.0,2.0,0.0,1.0,4.0,1.0,2.0,2.0,3.1923076923076925
287,Chemin des Huttins 6,CONFIGNON,1232.0,KLEIN,1.0,1.0,1.0,1.0,1.0,1.0,2.0,1.0,2.0,2.0,2.0,1.0,0.0,2.0,0.0,3.0,1.0,2.0,4.0,1.0,4.0,2.0,2.0,1.0,2.0,2.0,1.0,1.0,1.0,4.0,2.0,2.0,1.0,3.0,2.0,1.0,2.0,4.0,2.0,1.0,2.0,2.0,1.0,1.0,2.0,0.0,0.0,2.0,1.0,1.0,2.0,2.0,1.6346153846153846
260,"déchetterie - École, Chemin du Gamay 10 (1)",BERNEX,1233.0,KLEIN,7.0,0.0,0.0,0.0,0.0,0.0,0.0,0.0,1.0,0.0,0.0,0.0,0.0,0.0,0.0,0.0,0.0,1.0,5.0,0.0,6.0,0.0,0.0,0.0,0.0,0.0,0.0,8.0,5.0,2.0,1.0,2.0,1.0,4.0,2.0,1.0,3.0,6.0,6.0,2.0,6.0,4.0,5.0,5.0,2.0,2.0,0.0,2.0,3.0,2.0,2.0,2.0,1.8846153846153846
261,"déchetterie - École, Chemin du Gamay 10 (2)",BERNEX,1233.0,KLEIN,4.0,0.0,0.0,0.0,0.0,0.0,0.0,0.0,2.0,0.0,0.0,0.0,0.0,0.0,0.0,0.0,0.0,1.0,6.0,0.0,3.0,0.0,0.0,0.0,0.0,0.0,0.0,3.0,2.0,2.0,1.0,2.0,1.0,3.0,2.0,1.0,2.0,3.0,2.0,3.0,6.0,4.0,5.0,2.0,2.0,3.0,0.0,1.0,5.0,2.0,2.0,2.0,1.4807692307692308
374,décheterie - Chemin des Christophes,RUSSIN,1281.0,VILLIGER,1.0,2.0,0.0,1.0,1.0,0.0,1.0,0.0,0.0,2.0,3.0,2.0,0.0,1.0,0.0,0.0,0.0,1.0,6.0,2.0,4.0,3.0,1.0,1.0,1.0,3.0,2.0,2.0,2.0,3.0,3.0,2.0,4.0,1.0,2.0,2.0,2.0,2.0,1.0,2.0,2.0,2.0,1.0,0.0,0.0,1.0,1.0,3.0,2.0,1.0,1.0,2.0,1.5769230769230769
50,Rue du Cendrier 7,GENEVE,1201.0,KLEIN,4.0,5.0,6.0,8.0,4.0,4.0,4.0,4.0,7.0,6.0,5.0,5.0,,4.0,8.0,8.0,7.0,4.0,5.0,6.0,5.0,6.0,7.0,7.0,10.0,4.0,8.0,5.0,8.0,4.0,5.0,6.0,5.0,8.0,6.0,5.0,4.0,8.0,8.0,5.0,8.0,6.0,6.0,6.0,7.0,4.0,4.0,6.0,4.0,5.0,3.0,6.0,5.745098039215686
34,Place des Alpes,GENEVE,1201.0,KLEIN,4.0,6.0,5.0,3.0,6.0,3.0,3.0,2.0,5.0,6.0,4.0,4.0,,3.0,6.0,8.0,5.0,4.0,3.0,5.0,3.0,7.0,8.0,7.0,5.0,5.0,4.0,5.0,6.0,4.0,5.0,5.0,4.0,4.0,4.0,5.0,3.0,8.0,0.0,5.0,4.0,4.0,4.0,1.0,0.0,0.0,0.0,0.0,0.0,0.0,0.0,0.0,3.823529411764706
48,Rue Rothschild (1),GENEVE,1202.0,KLEIN,8.0,7.0,8.0,7.0,7.0,7.0,7.0,8.0,2.0,5.0,4.0,4.0,,7.0,6.0,6.0,8.0,5.0,5.0,5.0,6.0,8.0,8.0,8.0,4.0,6.0,6.0,10.0,7.0,5.0,5.0,6.0,6.0,8.0,8.0,8.0,6.0,8.0,8.0,8.0,8.0,8.0,8.0,6.0,6.0,4.0,8.0,3.0,7.0,6.0,5.0,6.0,6.470588235294118
49,Rue Rothschild (2),GENEVE,1202.0,KLEIN,7.0,8.0,5.0,8.0,8.0,7.0,4.0,8.0,8.0,7.0,6.0,4.0,,7.0,7.0,6.0,5.0,3.0,4.0,5.0,6.0,9.0,8.0,8.0,8.0,6.0,6.0,10.0,7.0,6.0,5.0,5.0,6.0,8.0,8.0,8.0,8.0,8.0,8.0,8.0,4.0,8.0,8.0,6.0,6.0,4.0,4.0,6.0,7.0,5.0,4.0,7.0,6.509803921568627
186,"École du Sécheron, Avenue Blanc 1",GENEVE,1202.0,KLEIN,6.0,3.0,7.0,7.0,6.0,4.0,8.0,8.0,8.0,8.0,5.0,6.0,,7.0,7.0,4.0,8.0,3.0,4.0,4.0,6.0,9.0,8.0,9.0,9.0,5.0,6.0,6.0,6.0,5.0,2.0,6.0,6.0,8.0,8.0,4.0,8.0,8.0,8.0,8.0,8.0,8.0,8.0,8.0,8.0,3.0,7.0,5.0,6.0,6.0,5.0,7.0,6.411764705882353
72,déchetterie - Rue Cannonière 14 / Rue Cramer,GENEVE,1202.0,KLEIN,7.0,4.0,8.0,8.0,7.0,2.0,6.0,4.0,6.0,4.0,6.0,4.0,,7.0,7.0,4.0,8.0,4.0,4.0,8.0,5.0,8.0,9.0,7.0,5.0,5.0,5.0,5.0,5.0,4.0,2.0,0.0,4.0,8.0,8.0,2.0,6.0,8.0,8.0,8.0,8.0,6.0,8.0,8.0,7.0,5.0,6.0,5.0,5.0,6.0,5.0,7.0,5.803921568627451
81,"déchetterie - École d'Ingénieurs, Rond-Point Rue Tronchin 26",GENEVE,1202.0,KLEIN,6.0,3.0,6.0,7.0,5.0,2.0,4.0,7.0,8.0,4.0,4.0,7.0,,6.0,7.0,4.0,8.0,2.0,3.0,4.0,4.0,7.0,6.0,7.0,8.0,4.0,9.0,5.0,6.0,4.0,2.0,0.0,0.0,8.0,4.0,4.0,0.0,6.0,4.0,6.0,5.0,8.0,0.0,8.0,5.0,6.0,7.0,5.0,5.0,4.0,4.0,7.0,5.0
42,déchetterie - Rue Liotard / Rue de la Poterie 14,GENEVE,1202.0,KLEIN,5.0,4.0,3.0,8.0,7.0,2.0,6.0,6.0,8.0,4.0,6.0,7.0,,6.0,7.0,5.0,8.0,3.0,3.0,4.0,4.0,8.0,8.0,9.0,4.0,8.0,9.0,7.0,6.0,5.0,2.0,0.0,8.0,6.0,8.0,4.0,8.0,8.0,8.0,8.0,8.0,8.0,8.0,8.0,6.0,5.0,4.0,5.0,5.0,6.0,4.0,6.0,5.9411764705882355
43,Rue Liotard 44 / Rue Faller,GENEVE,1202.0,KLEIN,5.0,4.0,3.0,7.0,6.0,2.0,6.0,4.0,5.0,3.0,5.0,5.0,,4.0,5.0,4.0,6.0,4.0,3.0,4.0,4.0,8.0,8.0,6.0,4.0,9.0,5.0,6.0,5.0,4.0,2.0,6.0,6.0,6.0,8.0,6.0,8.0,8.0,8.0,8.0,6.0,8.0,8.0,6.0,10.0,4.0,5.0,5.0,6.0,4.0,5.0,6.0,5.549019607843137
25,"Migros, Rue de la Servette 83 / Avenue Wendt 60",GENEVE,1202.0,KLEIN,3.0,2.0,3.0,8.0,5.0,2.0,8.0,6.0,6.0,4.0,4.0,5.0,,6.0,5.0,4.0,6.0,3.0,4.0,5.0,5.0,9.0,9.0,9.0,9.0,4.0,6.0,6.0,6.0,4.0,6.0,0.0,5.0,4.0,6.0,4.0,8.0,8.0,8.0,8.0,8.0,8.0,8.0,6.0,9.0,5.0,6.0,6.0,6.0,6.0,5.0,6.0,5.7254901960784315
39,déchetterie - Avenue Soret 1d,GENEVE,1203.0,KLEIN,3.0,4.0,3.0,5.0,7.0,2.0,3.0,6.0,5.0,2.0,4.0,4.0,,2.0,5.0,5.0,5.0,3.0,4.0,4.0,8.0,7.0,9.0,7.0,8.0,4.0,9.0,5.0,6.0,3.0,4.0,4.0,4.0,4.0,8.0,4.0,4.0,5.0,4.0,5.0,4.0,5.0,6.0,6.0,4.0,5.0,3.0,3.0,5.0,4.0,5.0,6.0,4.784313725490196
37,Avenue Ernest Pictet 32,GENEVE,1203.0,KLEIN,3.0,4.0,3.0,8.0,4.0,5.0,6.0,6.0,6.0,8.0,5.0,5.0,,2.0,4.0,5.0,9.0,4.0,6.0,8.0,6.0,7.0,5.0,8.0,9.0,5.0,8.0,5.0,7.0,6.0,2.0,5.0,6.0,8.0,4.0,4.0,6.0,8.0,4.0,8.0,8.0,8.0,8.0,6.0,7.0,8.0,4.0,5.0,5.0,4.0,4.0,5.0,5.764705882352941
40,Avenue Luserna 8,GENEVE,1203.0,KLEIN,3.0,4.0,3.0,8.0,5.0,2.0,4.0,4.0,4.0,4.0,3.0,3.0,,2.0,4.0,3.0,4.0,2.0,2.0,8.0,2.0,6.0,8.0,5.0,2.0,4.0,9.0,3.0,5.0,4.0,2.0,4.0,4.0,8.0,6.0,4.0,3.0,4.0,8.0,6.0,5.0,5.0,6.0,6.0,3.0,2.0,3.0,4.0,2.0,3.0,3.0,4.0,4.215686274509804
99,déchetterie - Rue Lamartine 5,GENEVE,1203.0,KLEIN,3.0,2.0,3.0,7.0,2.0,6.0,3.0,6.0,2.0,4.0,3.0,3.0,,1.0,4.0,6.0,2.0,3.0,4.0,10.0,4.0,3.0,8.0,5.0,8.0,8.0,5.0,5.0,4.0,4.0,2.0,5.0,5.0,8.0,8.0,2.0,4.0,5.0,6.0,5.0,5.0,4.0,6.0,4.0,3.0,6.0,3.0,3.0,4.0,2.0,2.0,6.0,4.431372549019608
83,Chemin François Furet,GENEVE,1203.0,KLEIN,3.0,2.0,3.0,4.0,2.0,2.0,5.0,4.0,2.0,2.0,2.0,1.0,,1.0,2.0,2.0,1.0,2.0,6.0,2.0,2.0,0.0,3.0,3.0,8.0,5.0,8.0,4.0,2.0,2.0,2.0,5.0,4.0,2.0,4.0,5.0,3.0,5.0,5.0,5.0,5.0,6.0,6.0,4.0,2.0,2.0,2.0,3.0,3.0,2.0,3.0,3.0,3.2549019607843137
323,"Coop, Avenue d'Aïr 100 (1)",GENEVE,1203.0,KLEIN,3.0,2.0,3.0,8.0,2.0,2.0,3.0,4.0,3.0,8.0,4.0,3.0,,2.0,3.0,8.0,7.0,3.0,3.0,8.0,4.0,6.0,6.0,6.0,9.0,5.0,4.0,6.0,6.0,5.0,2.0,6.0,4.0,6.0,8.0,3.0,5.0,8.0,5.0,0.0,5.0,4.0,6.0,3.0,5.0,2.0,2.0,2.0,2.0,1.0,2.0,4.0,4.333333333333333
17,"Coop, Avenue d'Aïr 100 (2)",GENEVE,1203.0,KLEIN,3.0,2.0,2.0,8.0,2.0,2.0,3.0,4.0,4.0,3.0,3.0,4.0,,2.0,3.0,8.0,6.0,2.0,10.0,2.0,8.0,6.0,3.0,4.0,2.0,6.0,2.0,5.0,5.0,4.0,5.0,6.0,4.0,4.0,8.0,2.0,5.0,8.0,8.0,0.0,5.0,4.0,6.0,3.0,0.0,2.0,1.0,1.0,2.0,1.0,1.0,3.0,3.8627450980392157
57,"Collège Voltaire, Rue de l'Encyclopédie",GENEVE,1201.0,KLEIN,2.0,2.0,2.0,3.0,2.0,3.0,2.0,1.0,3.0,4.0,3.0,2.0,,1.0,2.0,8.0,8.0,3.0,3.0,4.0,4.0,7.0,8.0,5.0,5.0,8.0,9.0,4.0,6.0,2.0,5.0,0.0,4.0,6.0,8.0,4.0,4.0,5.0,5.0,6.0,5.0,4.0,6.0,3.0,3.0,2.0,2.0,2.0,0.0,0.0,2.0,3.0,3.823529411764706
343,"Collège Voltaire, Rue de l'Encyclopédie",GENEVE,1201.0,KLEIN,2.0,4.0,1.0,2.0,2.0,2.0,2.0,2.0,4.0,4.0,4.0,4.0,,1.0,4.0,2.0,3.0,2.0,2.0,2.0,4.0,6.0,8.0,4.0,8.0,8.0,5.0,3.0,3.0,1.0,5.0,0.0,4.0,8.0,6.0,3.0,3.0,4.0,3.0,6.0,5.0,3.0,6.0,3.0,2.0,1.0,2.0,2.0,0.0,0.0,2.0,3.0,3.3333333333333335
33,Rue de la Coulouvrenière 2,GENEVE,1204.0,KLEIN,6.0,3.0,2.0,5.0,2.0,2.0,1.0,3.0,3.0,4.0,3.0,3.0,,2.0,3.0,2.0,2.0,3.0,2.0,4.0,4.0,7.0,4.0,5.0,4.0,8.0,2.0,4.0,5.0,3.0,5.0,0.0,4.0,8.0,4.0,3.0,3.0,5.0,3.0,6.0,5.0,4.0,6.0,4.0,1.0,2.0,0.0,1.0,3.0,0.0,0.0,2.0,3.3333333333333335
28,Rue de l'Aubépine / Rue de la Colline 26,GENEVE,1205.0,KLEIN,6.0,4.0,4.0,5.0,4.0,2.0,2.0,3.0,4.0,3.0,2.0,4.0,,4.0,3.0,4.0,1.0,3.0,8.0,8.0,9.0,8.0,7.0,5.0,2.0,8.0,9.0,6.0,2.0,5.0,6.0,0.0,6.0,6.0,6.0,5.0,0.0,8.0,8.0,6.0,8.0,8.0,6.0,4.0,1.0,5.0,6.0,3.0,2.0,2.0,4.0,2.0,4.647058823529412
11,Rue de l'Aubépine / Rue des Peupliers 12,GENEVE,1205.0,KLEIN,6.0,7.0,4.0,5.0,7.0,4.0,4.0,5.0,4.0,6.0,3.0,4.0,,5.0,4.0,7.0,9.0,10.0,3.0,9.0,7.0,9.0,9.0,8.0,4.0,4.0,6.0,5.0,1.0,3.0,4.0,0.0,6.0,8.0,8.0,6.0,0.0,8.0,8.0,8.0,8.0,8.0,6.0,5.0,9.0,5.0,6.0,5.0,3.0,3.0,3.0,4.0,5.549019607843137
3,Rue Prévôt-Martin 78 / Rue du Pré-Jérôme (1),GENEVE,1205.0,KLEIN,8.0,8.0,7.0,7.0,4.0,8.0,8.0,7.0,8.0,7.0,5.0,7.0,,4.0,6.0,6.0,9.0,5.0,5.0,9.0,8.0,8.0,9.0,8.0,4.0,5.0,8.0,7.0,1.0,2.0,2.0,6.0,8.0,8.0,4.0,8.0,0.0,8.0,8.0,8.0,8.0,8.0,6.0,8.0,8.0,5.0,7.0,5.0,6.0,6.0,6.0,5.0,6.392156862745098
8,Rue Prévôt-Martin 78 / Rue du Pré-Jérôme (2),GENEVE,1205.0,KLEIN,8.0,8.0,8.0,7.0,7.0,8.0,6.0,8.0,8.0,7.0,6.0,4.0,,4.0,5.0,6.0,6.0,4.0,5.0,8.0,8.0,9.0,9.0,9.0,4.0,5.0,8.0,6.0,2.0,2.0,2.0,6.0,6.0,8.0,8.0,8.0,0.0,8.0,8.0,8.0,8.0,5.0,6.0,8.0,8.0,5.0,7.0,5.0,5.0,4.0,5.0,6.0,6.254901960784314
15,Rue Dancet 41 / Rue des Battoirs (1),GENEVE,1205.0,KLEIN,8.0,8.0,4.0,6.0,5.0,6.0,6.0,2.0,4.0,5.0,5.0,5.0,,7.0,4.0,10.0,7.0,5.0,4.0,7.0,5.0,8.0,9.0,7.0,5.0,6.0,9.0,9.0,2.0,3.0,2.0,6.0,8.0,6.0,2.0,6.0,0.0,8.0,8.0,8.0,8.0,8.0,6.0,6.0,6.0,5.0,6.0,4.0,6.0,4.0,6.0,6.0,5.803921568627451
16,Rue Dancet 41 / Rue des Battoirs (2),GENEVE,1205.0,KLEIN,8.0,4.0,5.0,5.0,6.0,8.0,6.0,4.0,7.0,5.0,4.0,6.0,,6.0,4.0,10.0,5.0,5.0,4.0,6.0,7.0,6.0,9.0,8.0,9.0,9.0,9.0,5.0,1.0,7.0,2.0,6.0,5.0,6.0,8.0,6.0,0.0,8.0,8.0,8.0,8.0,5.0,6.0,6.0,5.0,5.0,4.0,5.0,7.0,5.0,4.0,4.0,5.862745098039215
21,Rue de la Maladière 8,GENEVE,1205.0,KLEIN,6.0,4.0,3.0,5.0,3.0,2.0,2.0,6.0,4.0,7.0,5.0,2.0,,4.0,3.0,10.0,8.0,3.0,3.0,5.0,9.0,6.0,9.0,7.0,10.0,9.0,9.0,4.0,2.0,7.0,2.0,0.0,4.0,4.0,8.0,8.0,0.0,8.0,6.0,4.0,6.0,3.0,6.0,4.0,1.0,4.0,5.0,5.0,6.0,2.0,2.0,2.0,4.8431372549019605
245,déchetterie - Place des Charmettes 3,CAROUGE,1227.0,KLEIN,4.0,4.0,4.0,3.0,4.0,7.0,3.0,8.0,2.0,4.0,4.0,7.0,,1.0,4.0,7.0,8.0,4.0,10.0,10.0,10.0,10.0,9.0,6.0,10.0,9.0,8.0,3.0,1.0,7.0,5.0,6.0,5.0,8.0,8.0,6.0,0.0,6.0,5.0,8.0,6.0,5.0,6.0,8.0,0.0,0.0,0.0,0.0,0.0,1.0,2.0,2.0,5.0588235294117645
20,Quai des Vernets 1,GENEVE,1205.0,KLEIN,4.0,2.0,2.0,4.0,3.0,2.0,4.0,2.0,2.0,3.0,2.0,4.0,,2.0,3.0,2.0,0.0,10.0,2.0,4.0,8.0,1.0,9.0,8.0,8.0,9.0,9.0,2.0,3.0,2.0,5.0,0.0,3.0,4.0,8.0,5.0,0.0,3.0,3.0,6.0,0.0,3.0,6.0,3.0,3.0,3.0,3.0,2.0,0.0,2.0,5.0,3.0,3.6470588235294117
87,déchetterie - Quai Ernest Ansermet / Baud Bovy 14,GENEVE,1205.0,KLEIN,1.0,3.0,1.0,3.0,2.0,2.0,4.0,2.0,2.0,3.0,3.0,1.0,,1.0,2.0,2.0,1.0,10.0,2.0,8.0,4.0,3.0,9.0,6.0,8.0,5.0,6.0,5.0,4.0,4.0,3.0,0.0,0.0,6.0,8.0,4.0,0.0,0.0,0.0,0.0,0.0,0.0,0.0,0.0,3.0,3.0,6.0,5.0,5.0,4.0,4.0,3.0,3.156862745098039
10,"Uni Mail, Boulevard Carl-Vogt",GENEVE,1205.0,KLEIN,7.0,7.0,4.0,6.0,3.0,7.0,6.0,7.0,4.0,6.0,4.0,5.0,,7.0,4.0,5.0,8.0,3.0,8.0,4.0,8.0,8.0,9.0,8.0,8.0,5.0,5.0,5.0,3.0,3.0,3.0,6.0,8.0,6.0,8.0,4.0,8.0,8.0,8.0,6.0,8.0,8.0,8.0,6.0,4.0,5.0,6.0,4.0,5.0,4.0,4.0,4.0,5.8431372549019605
2,"déchetterie - Migros, Boulevard Carl-Vogt 6 (1)",GENEVE,1205.0,KLEIN,7.0,8.0,3.0,4.0,6.0,5.0,3.0,5.0,2.0,4.0,4.0,7.0,,4.0,7.0,7.0,6.0,5.0,6.0,7.0,6.0,8.0,9.0,8.0,5.0,7.0,7.0,7.0,6.0,5.0,4.0,6.0,5.0,8.0,8.0,8.0,5.0,8.0,5.0,8.0,8.0,8.0,6.0,6.0,7.0,5.0,3.0,5.0,7.0,5.0,4.0,4.0,5.901960784313726
27,"déchetterie - Migros, Boulevard Carl-Vogt 6 (2)",GENEVE,1205.0,KLEIN,2.0,8.0,6.0,4.0,6.0,6.0,3.0,6.0,5.0,6.0,5.0,3.0,,6.0,6.0,7.0,2.0,4.0,5.0,7.0,6.0,8.0,7.0,8.0,6.0,7.0,7.0,6.0,6.0,3.0,5.0,6.0,6.0,8.0,8.0,8.0,6.0,8.0,8.0,8.0,8.0,8.0,6.0,6.0,5.0,5.0,3.0,5.0,6.0,4.0,4.0,4.0,5.803921568627451
22,Rue des Maraîchers 5 (1),GENEVE,1205.0,KLEIN,2.0,7.0,4.0,7.0,6.0,7.0,2.0,2.0,3.0,2.0,7.0,4.0,,3.0,7.0,6.0,6.0,8.0,8.0,6.0,5.0,4.0,5.0,6.0,7.0,6.0,5.0,6.0,5.0,4.0,5.0,0.0,3.0,6.0,8.0,6.0,6.0,8.0,4.0,8.0,6.0,4.0,6.0,3.0,5.0,5.0,4.0,3.0,3.0,8.0,4.0,2.0,5.03921568627451
29,Rue des Maraîchers 5 (2),GENEVE,1205.0,KLEIN,2.0,2.0,7.0,8.0,5.0,5.0,2.0,7.0,3.0,6.0,8.0,6.0,,7.0,6.0,5.0,5.0,3.0,2.0,5.0,5.0,3.0,6.0,6.0,7.0,6.0,5.0,6.0,4.0,4.0,7.0,0.0,6.0,6.0,8.0,4.0,5.0,6.0,8.0,8.0,8.0,8.0,0.0,3.0,6.0,5.0,4.0,2.0,2.0,5.0,4.0,3.0,4.980392156862745
31,Rue des Rois (1),GENEVE,1204.0,KLEIN,1.0,6.0,3.0,5.0,3.0,4.0,2.0,2.0,3.0,6.0,4.0,4.0,,2.0,4.0,4.0,5.0,3.0,4.0,5.0,5.0,5.0,8.0,8.0,2.0,5.0,9.0,5.0,3.0,4.0,7.0,0.0,3.0,6.0,8.0,4.0,5.0,8.0,6.0,6.0,5.0,4.0,6.0,4.0,5.0,2.0,4.0,5.0,3.0,5.0,3.0,3.0,4.431372549019608
32,Rue des Rois (2),GENEVE,1204.0,KLEIN,1.0,7.0,2.0,5.0,3.0,3.0,1.0,3.0,2.0,6.0,2.0,3.0,,2.0,5.0,3.0,5.0,2.0,8.0,5.0,4.0,5.0,6.0,5.0,4.0,6.0,5.0,6.0,4.0,3.0,7.0,0.0,4.0,6.0,8.0,4.0,5.0,6.0,4.0,6.0,5.0,4.0,6.0,4.0,1.0,2.0,4.0,5.0,2.0,5.0,3.0,2.0,4.098039215686274
157,Rue des Noirettes / Rue des Ronzades 8,GENEVE,1227.0,KLEIN,4.0,7.0,4.0,6.0,8.0,8.0,2.0,8.0,4.0,6.0,6.0,5.0,,7.0,7.0,6.0,7.0,9.0,8.0,4.0,6.0,8.0,9.0,9.0,4.0,0.0,10.0,6.0,5.0,4.0,3.0,6.0,8.0,8.0,8.0,8.0,6.0,8.0,8.0,8.0,8.0,8.0,8.0,0.0,9.0,7.0,4.0,5.0,10.0,4.0,5.0,6.0,6.313725490196078
47,Rue de Montbrillant 84,GENEVE,1202.0,KLEIN,4.0,3.0,2.0,3.0,4.0,6.0,2.0,4.0,5.0,4.0,3.0,4.0,,3.0,5.0,4.0,6.0,6.0,3.0,2.0,8.0,4.0,6.0,4.0,2.0,6.0,5.0,5.0,5.0,4.0,3.0,5.0,4.0,5.0,8.0,4.0,8.0,8.0,6.0,6.0,8.0,6.0,5.0,5.0,4.0,7.0,2.0,5.0,5.0,5.0,6.0,8.0,4.803921568627451
44,"Stade de Varembé, Rue de Vermont 33",GENEVE,1202.0,KLEIN,4.0,5.0,3.0,4.0,3.0,6.0,4.0,3.0,5.0,4.0,3.0,3.0,,4.0,7.0,4.0,5.0,5.0,2.0,5.0,3.0,3.0,6.0,2.0,3.0,3.0,3.0,3.0,6.0,3.0,3.0,5.0,4.0,4.0,6.0,3.0,6.0,8.0,6.0,6.0,8.0,6.0,5.0,5.0,6.0,3.0,4.0,3.0,2.0,1.0,4.0,2.0,4.196078431372549
46,déchetterie - Chemin de Vincy,GENEVE,1202.0,KLEIN,3.0,3.0,3.0,5.0,2.0,2.0,1.0,2.0,3.0,2.0,1.0,2.0,,6.0,4.0,3.0,1.0,1.0,2.0,2.0,3.0,1.0,0.0,1.0,1.0,2.0,2.0,1.0,3.0,3.0,3.0,9.0,3.0,4.0,8.0,2.0,3.0,8.0,5.0,1.0,8.0,3.0,3.0,5.0,2.0,2.0,2.0,3.0,3.0,6.0,1.0,2.0,2.9607843137254903
41,"Rue Baulacre 14 / Migros, Rue Vidollet",GENEVE,1202.0,KLEIN,5.0,5.0,3.0,4.0,3.0,5.0,5.0,7.0,7.0,7.0,4.0,7.0,,7.0,7.0,4.0,8.0,7.0,3.0,5.0,4.0,6.0,7.0,2.0,5.0,4.0,5.0,4.0,4.0,4.0,1.0,5.0,4.0,4.0,8.0,4.0,8.0,8.0,8.0,8.0,8.0,8.0,8.0,5.0,10.0,5.0,4.0,4.0,4.0,5.0,4.0,5.0,5.411764705882353
354,déchetterie - Rue Louis Favre 43 (2),GENEVE,1209.0,KLEIN,7.0,7.0,6.0,7.0,7.0,6.0,2.0,4.0,7.0,8.0,3.0,7.0,,7.0,7.0,5.0,5.0,8.0,8.0,8.0,6.0,3.0,4.0,3.0,5.0,6.0,6.0,6.0,5.0,5.0,5.0,6.0,6.0,8.0,8.0,4.0,6.0,8.0,8.0,6.0,8.0,6.0,8.0,6.0,7.0,5.0,7.0,5.0,5.0,5.0,4.0,4.0,5.9411764705882355
85,déchetterie - Rue du Grand Pré 20,GENEVE,1209.0,KLEIN,6.0,7.0,4.0,4.0,7.0,2.0,6.0,6.0,4.0,4.0,3.0,6.0,,7.0,4.0,5.0,6.0,8.0,4.0,4.0,5.0,4.0,6.0,2.0,3.0,4.0,9.0,4.0,3.0,4.0,3.0,5.0,5.0,8.0,4.0,6.0,4.0,8.0,8.0,8.0,8.0,6.0,5.0,5.0,5.0,5.0,6.0,5.0,4.0,5.0,3.0,5.0,5.137254901960785
30,"Cité Vieusseux, Résidence des Franchises 10",GENEVE,1203.0,KLEIN,4.0,3.0,5.0,3.0,7.0,5.0,7.0,8.0,8.0,6.0,6.0,8.0,,6.0,6.0,4.0,4.0,4.0,2.0,3.0,8.0,8.0,8.0,2.0,2.0,8.0,5.0,4.0,4.0,5.0,2.0,4.0,4.0,4.0,4.0,6.0,3.0,8.0,8.0,6.0,5.0,6.0,5.0,5.0,5.0,3.0,5.0,3.0,4.0,4.0,2.0,2.0,4.921568627450981
24,Cité Villars 34,GENEVE,1203.0,KLEIN,7.0,3.0,4.0,2.0,7.0,4.0,2.0,6.0,5.0,4.0,5.0,8.0,,5.0,7.0,5.0,4.0,4.0,3.0,8.0,3.0,7.0,5.0,3.0,2.0,8.0,5.0,3.0,3.0,5.0,3.0,4.0,4.0,3.0,4.0,4.0,8.0,8.0,6.0,6.0,5.0,6.0,5.0,5.0,4.0,3.0,4.0,4.0,2.0,4.0,2.0,6.0,4.647058823529412
86,Promenade de l'Europe 61,GENEVE,1203.0,KLEIN,4.0,3.0,5.0,2.0,4.0,5.0,1.0,6.0,4.0,3.0,4.0,4.0,,3.0,6.0,4.0,1.0,1.0,2.0,8.0,5.0,3.0,3.0,3.0,2.0,8.0,4.0,4.0,3.0,4.0,2.0,4.0,3.0,2.0,8.0,4.0,3.0,8.0,5.0,6.0,5.0,6.0,4.0,8.0,2.0,3.0,3.0,2.0,2.0,4.0,3.0,2.0,3.8823529411764706
54,Rue du Contrat Social / Sentier du Promeneur Solitaire (1),GENEVE,1203.0,KLEIN,6.0,7.0,5.0,8.0,6.0,5.0,8.0,4.0,6.0,4.0,4.0,6.0,,6.0,7.0,4.0,5.0,4.0,4.0,6.0,6.0,8.0,6.0,3.0,5.0,5.0,8.0,6.0,3.0,6.0,5.0,5.0,4.0,5.0,8.0,8.0,8.0,8.0,8.0,8.0,8.0,8.0,8.0,8.0,8.0,4.0,6.0,6.0,6.0,6.0,5.0,5.0,6.0
375,Rue du Contrat Social / Sentier du Promeneur Solitaire (2),GENEVE,1203.0,KLEIN,6.0,6.0,5.0,4.0,4.0,5.0,3.0,4.0,8.0,8.0,6.0,3.0,,7.0,6.0,4.0,6.0,4.0,4.0,6.0,6.0,8.0,4.0,2.0,4.0,5.0,8.0,7.0,4.0,5.0,5.0,5.0,4.0,4.0,8.0,4.0,6.0,8.0,8.0,8.0,8.0,8.0,8.0,8.0,8.0,7.0,6.0,6.0,5.0,5.0,5.0,5.0,5.705882352941177
19,déchetterie - Rue de Miléant,GENEVE,1203.0,KLEIN,4.0,6.0,5.0,3.0,6.0,5.0,10.0,5.0,5.0,5.0,3.0,5.0,,7.0,6.0,5.0,8.0,4.0,8.0,5.0,4.0,7.0,10.0,3.0,4.0,6.0,7.0,4.0,4.0,6.0,5.0,5.0,4.0,6.0,8.0,4.0,6.0,8.0,8.0,8.0,8.0,8.0,5.0,8.0,9.0,8.0,6.0,0.0,2.0,4.0,5.0,5.0,5.686274509803922
23,Route des Charmilles 23 (1),GENEVE,1203.0,KLEIN,6.0,7.0,8.0,8.0,7.0,3.0,6.0,5.0,5.0,8.0,3.0,6.0,,6.0,10.0,6.0,7.0,8.0,7.0,6.0,5.0,7.0,4.0,4.0,3.0,9.0,0.0,5.0,3.0,5.0,5.0,5.0,5.0,6.0,8.0,8.0,8.0,8.0,8.0,8.0,6.0,5.0,5.0,5.0,6.0,4.0,4.0,6.0,4.0,6.0,4.0,6.0,5.823529411764706
26,Route des Charmilles 23 (2),GENEVE,1203.0,KLEIN,3.0,8.0,7.0,4.0,7.0,3.0,6.0,4.0,4.0,5.0,6.0,4.0,,7.0,10.0,6.0,6.0,4.0,7.0,6.0,6.0,7.0,5.0,3.0,3.0,7.0,6.0,5.0,3.0,5.0,6.0,4.0,5.0,4.0,8.0,8.0,8.0,8.0,6.0,8.0,6.0,5.0,5.0,5.0,4.0,4.0,4.0,5.0,3.0,6.0,4.0,6.0,5.470588235294118
58,"Rue des Charmilles / Avenue des Tilleuls, St-Jean (1)",GENEVE,1203.0,KLEIN,4.0,8.0,5.0,4.0,7.0,3.0,4.0,3.0,5.0,8.0,3.0,7.0,,7.0,10.0,5.0,5.0,4.0,5.0,5.0,5.0,8.0,7.0,5.0,4.0,8.0,4.0,6.0,3.0,5.0,6.0,5.0,5.0,6.0,8.0,8.0,8.0,8.0,8.0,8.0,6.0,6.0,5.0,5.0,4.0,6.0,3.0,2.0,5.0,2.0,6.0,6.0,5.549019607843137
59,"Rue des Charmilles / Avenue des Tilleuls, St-Jean (2)",GENEVE,1203.0,KLEIN,4.0,7.0,5.0,4.0,6.0,3.0,2.0,5.0,5.0,3.0,5.0,6.0,,4.0,10.0,5.0,5.0,5.0,4.0,5.0,5.0,8.0,3.0,4.0,3.0,5.0,6.0,5.0,2.0,5.0,4.0,4.0,4.0,2.0,6.0,4.0,8.0,8.0,6.0,6.0,5.0,6.0,5.0,5.0,5.0,3.0,4.0,6.0,4.0,5.0,2.0,4.0,4.803921568627451
67,Rue des Cèdres,GENEVE,1203.0,KLEIN,5.0,6.0,5.0,3.0,5.0,3.0,1.0,5.0,4.0,3.0,2.0,3.0,,6.0,10.0,3.0,2.0,3.0,8.0,4.0,8.0,8.0,6.0,4.0,4.0,5.0,4.0,3.0,2.0,5.0,4.0,5.0,4.0,2.0,1.0,1.0,8.0,8.0,5.0,8.0,5.0,5.0,5.0,5.0,5.0,4.0,4.0,5.0,4.0,4.0,4.0,3.0,4.490196078431373
181,"École Pervenche, Rue Louis de Montfalcon 2ter",CAROUGE,1227.0,KLEIN,6.0,8.0,7.0,6.0,6.0,3.0,6.0,4.0,4.0,5.0,6.0,6.0,,6.0,10.0,6.0,8.0,7.0,3.0,6.0,5.0,8.0,9.0,5.0,4.0,9.0,6.0,5.0,5.0,5.0,5.0,2.0,8.0,1.0,2.0,5.0,2.0,8.0,4.0,6.0,5.0,4.0,3.0,4.0,0.0,3.0,4.0,2.0,2.0,1.0,0.0,3.0,4.862745098039215
328,déchetterie - Avenue de la Praille (1),CAROUGE,1227.0,KLEIN,4.0,8.0,4.0,7.0,7.0,3.0,5.0,3.0,4.0,4.0,3.0,4.0,,6.0,6.0,6.0,6.0,6.0,4.0,5.0,4.0,7.0,5.0,5.0,3.0,8.0,6.0,6.0,5.0,9.0,5.0,4.0,5.0,2.0,2.0,4.0,3.0,8.0,8.0,8.0,5.0,5.0,6.0,8.0,2.0,1.0,0.0,2.0,2.0,1.0,0.0,6.0,4.705882352941177
246,déchetterie - Avenue de la Praille (2),CAROUGE,1227.0,KLEIN,4.0,8.0,6.0,3.0,8.0,3.0,4.0,3.0,6.0,4.0,4.0,3.0,,7.0,5.0,6.0,7.0,6.0,3.0,5.0,4.0,5.0,4.0,2.0,4.0,7.0,6.0,4.0,3.0,8.0,2.0,4.0,4.0,2.0,1.0,4.0,3.0,8.0,6.0,8.0,5.0,5.0,4.0,6.0,0.0,1.0,0.0,2.0,2.0,1.0,0.0,6.0,4.235294117647059
267,Avenue Vibert 28,CAROUGE,1227.0,KLEIN,3.0,4.0,4.0,3.0,4.0,5.0,3.0,3.0,3.0,2.0,1.0,4.0,,4.0,4.0,4.0,4.0,3.0,2.0,2.0,8.0,7.0,5.0,4.0,10.0,5.0,2.0,1.0,2.0,8.0,2.0,3.0,4.0,1.0,1.0,4.0,3.0,8.0,6.0,6.0,4.0,5.0,5.0,5.0,0.0,3.0,0.0,2.0,2.0,1.0,0.0,3.0,3.5686274509803924
109,"déchetterie - Migros, Blavignac 109 (1)",CAROUGE,1227.0,KLEIN,3.0,8.0,7.0,7.0,4.0,5.0,4.0,3.0,4.0,3.0,2.0,3.0,,5.0,6.0,8.0,4.0,8.0,4.0,4.0,8.0,9.0,6.0,4.0,3.0,5.0,7.0,7.0,5.0,10.0,2.0,5.0,4.0,8.0,1.0,4.0,3.0,8.0,6.0,5.0,4.0,8.0,4.0,5.0,0.0,3.0,0.0,2.0,1.0,1.0,1.0,3.0,4.588235294117647
231,"déchetterie - Migros, Blavignac 109 (2)",CAROUGE,1227.0,KLEIN,5.0,8.0,6.0,3.0,4.0,5.0,2.0,4.0,4.0,3.0,3.0,4.0,,5.0,8.0,7.0,5.0,3.0,3.0,4.0,9.0,8.0,6.0,2.0,3.0,6.0,5.0,7.0,5.0,10.0,4.0,4.0,4.0,6.0,1.0,5.0,3.0,8.0,4.0,5.0,4.0,8.0,4.0,5.0,0.0,2.0,0.0,2.0,1.0,1.0,1.0,2.0,4.333333333333333
376,Boulevard des Promenades 20-22,CAROUGE,1227.0,KLEIN,4.0,4.0,4.0,2.0,2.0,5.0,1.0,2.0,4.0,2.0,1.0,2.0,,4.0,4.0,2.0,0.0,1.0,4.0,2.0,9.0,0.0,0.0,6.0,2.0,6.0,4.0,7.0,5.0,1.0,5.0,3.0,4.0,2.0,1.0,4.0,3.0,8.0,4.0,4.0,3.0,5.0,4.0,5.0,0.0,1.0,0.0,1.0,1.0,0.0,0.0,1.0,2.9215686274509802
377,déchetterie - Avenue de la Praille 47 (1),GENEVE ESREC,1227.0,KLEIN,8.0,10.0,4.0,6.0,8.0,7.0,10.0,7.0,10.0,4.0,3.0,4.0,,7.0,7.0,0.0,10.0,10.0,10.0,10.0,10.0,10.0,10.0,6.0,10.0,6.0,8.0,10.0,10.0,5.0,5.0,8.0,8.0,8.0,8.0,4.0,8.0,8.0,8.0,0.0,8.0,8.0,8.0,8.0,14.0,9.0,9.0,6.0,6.0,4.0,6.0,10.0,7.470588235294118
378,déchetterie - Avenue de la Praille 47 (2),GENEVE ESREC,1227.0,KLEIN,8.0,10.0,8.0,6.0,8.0,7.0,10.0,7.0,10.0,4.0,2.0,6.0,,7.0,8.0,0.0,5.0,10.0,5.0,5.0,10.0,15.0,10.0,8.0,10.0,4.0,2.0,10.0,10.0,4.0,6.0,5.0,4.0,8.0,8.0,8.0,6.0,8.0,6.0,0.0,8.0,8.0,8.0,8.0,14.0,10.0,9.0,6.0,4.0,2.0,4.0,5.0,6.9411764705882355
379,déchetterie - Avenue de la Praille 47 (3),GENEVE ESREC,1227.0,KLEIN,10.0,10.0,8.0,10.0,8.0,7.0,8.0,6.0,10.0,6.0,3.0,5.0,,5.0,10.0,0.0,5.0,5.0,5.0,7.0,8.0,10.0,6.0,9.0,5.0,1.0,9.0,10.0,10.0,2.0,7.0,4.0,4.0,6.0,1.0,8.0,4.0,8.0,6.0,0.0,8.0,8.0,6.0,6.0,0.0,4.0,10.0,4.0,2.0,2.0,2.0,5.0,5.9411764705882355
74,déchetterie - Rue Louis Favre 43,GENEVE,1209.0,KLEIN,2.0,2.0,1.0,2.0,4.0,2.0,2.0,2.0,3.0,4.0,2.0,4.0,,3.0,3.0,3.0,6.0,3.0,2.0,1.0,3.0,4.0,2.0,5.0,2.0,2.0,3.0,2.0,4.0,1.0,2.0,6.0,4.0,2.0,1.0,5.0,8.0,6.0,6.0,6.0,6.0,5.0,5.0,4.0,3.0,2.0,2.0,2.0,4.0,4.0,3.0,1.0,3.2549019607843137
129,"déchetterie - Centre Commercial Blandonnet, Chemin Coquelicots",VERNIER,1214.0,KLEIN,5.0,6.0,2.0,1.0,1.0,0.0,0.0,0.0,0.0,1.0,1.0,1.0,1.0,0.0,2.0,4.0,1.0,2.0,1.0,1.0,0.0,1.0,3.0,1.0,2.0,2.0,2.0,2.0,1.0,2.0,2.0,4.0,4.0,1.0,2.0,2.0,1.0,1.0,4.0,2.0,2.0,4.0,1.0,1.0,1.0,4.0,3.0,3.0,4.0,4.0,2.0,4.0,1.9615384615384615
190,Route de Peney 27-41 (2),VERNIER,1214.0,KLEIN,6.0,2.0,3.0,2.0,6.0,4.0,7.0,5.0,8.0,5.0,4.0,3.0,2.0,0.0,3.0,8.0,5.0,8.0,4.0,0.0,4.0,7.0,5.0,7.0,7.0,7.0,7.0,5.0,6.0,8.0,4.0,2.0,2.0,5.0,4.0,8.0,3.0,4.0,8.0,3.0,5.0,4.0,5.0,5.0,8.0,4.0,4.0,4.0,2.0,8.0,5.0,4.0,4.788461538461538
207,Chemin de l'Echarpine,VERNIER,1214.0,KLEIN,1.0,2.0,2.0,1.0,5.0,2.0,1.0,1.0,1.0,2.0,1.0,2.0,1.0,0.0,2.0,2.0,3.0,2.0,1.0,1.0,2.0,2.0,1.0,3.0,2.0,2.0,2.0,3.0,4.0,2.0,4.0,4.0,2.0,8.0,4.0,2.0,2.0,2.0,2.0,3.0,3.0,3.0,3.0,4.0,2.0,4.0,3.0,1.0,3.0,6.0,5.0,1.0,2.4423076923076925
173,"déchetterie - Forum, Avenue de Feuillasse / Place des Cinqs Continents (1)",MEYRIN,1217.0,KLEIN,2.0,1.0,2.0,1.0,3.0,0.0,3.0,0.0,0.0,1.0,2.0,1.0,1.0,0.0,2.0,5.0,2.0,4.0,1.0,1.0,3.0,1.0,2.0,1.0,2.0,4.0,2.0,1.0,4.0,1.0,4.0,8.0,0.0,1.0,1.0,2.0,2.0,4.0,4.0,4.0,1.0,2.0,4.0,4.0,1.0,2.0,2.0,2.0,3.0,3.0,2.0,2.0,2.1346153846153846
174,"déchetterie - Forum, Avenue de Feuillasse / Place des Cinqs Continents (2)",MEYRIN,1217.0,KLEIN,2.0,1.0,2.0,1.0,0.0,1.0,1.0,1.0,0.0,1.0,2.0,1.0,1.0,0.0,2.0,5.0,2.0,4.0,1.0,0.0,0.0,0.0,1.0,1.0,3.0,3.0,2.0,1.0,4.0,3.0,1.0,4.0,4.0,1.0,3.0,2.0,1.0,1.0,3.0,4.0,4.0,4.0,1.0,1.0,1.0,1.0,1.0,1.0,0.0,1.0,1.0,2.0,1.6923076923076923
123,"Impasse, Rue Gilbert 38",MEYRIN,1217.0,KLEIN,1.0,3.0,2.0,1.0,3.0,4.0,3.0,2.0,1.0,2.0,1.0,2.0,1.0,0.0,2.0,2.0,4.0,2.0,2.0,3.0,1.0,3.0,6.0,6.0,6.0,2.0,7.0,4.0,2.0,6.0,2.0,4.0,2.0,2.0,10.0,3.0,6.0,4.0,8.0,5.0,3.0,2.0,2.0,3.0,3.0,3.0,4.0,3.0,3.0,3.0,4.0,2.0,3.173076923076923
126,déchetterie - Avenue de Feuillasse 11,MEYRIN,1217.0,KLEIN,1.0,1.0,2.0,1.0,2.0,3.0,1.0,0.0,1.0,1.0,1.0,1.0,2.0,0.0,2.0,4.0,3.0,2.0,2.0,2.0,2.0,3.0,0.0,2.0,2.0,2.0,4.0,4.0,2.0,2.0,2.0,10.0,4.0,2.0,4.0,2.0,4.0,2.0,2.0,5.0,2.0,4.0,3.0,2.0,2.0,1.0,4.0,4.0,3.0,3.0,1.0,2.0,2.3653846153846154
307,déchetterie - Chemin Salomon Penay 23,MEYRIN,1217.0,KLEIN,3.0,4.0,2.0,2.0,2.0,2.0,2.0,1.0,1.0,2.0,3.0,2.0,2.0,0.0,2.0,2.0,2.0,2.0,3.0,3.0,3.0,2.0,1.0,3.0,2.0,7.0,2.0,2.0,2.0,4.0,2.0,2.0,8.0,8.0,4.0,2.0,8.0,8.0,2.0,3.0,2.0,2.0,3.0,1.0,3.0,0.0,5.0,4.0,4.0,6.0,4.0,4.0,2.980769230769231
202,Chemin du Bournoud 13,MEYRIN,1217.0,KLEIN,2.0,4.0,2.0,2.0,2.0,3.0,1.0,0.0,1.0,2.0,3.0,2.0,2.0,0.0,3.0,2.0,2.0,4.0,2.0,3.0,3.0,3.0,2.0,2.0,2.0,5.0,2.0,3.0,2.0,2.0,2.0,2.0,2.0,3.0,4.0,5.0,8.0,8.0,2.0,2.0,3.0,2.0,2.0,2.0,4.0,0.0,5.0,2.0,4.0,4.0,4.0,4.0,2.730769230769231
239,Esplanade des Récréations,MEYRIN,1217.0,KLEIN,3.0,6.0,4.0,3.0,3.0,6.0,4.0,2.0,2.0,2.0,2.0,2.0,3.0,0.0,4.0,4.0,2.0,6.0,3.0,5.0,4.0,4.0,3.0,5.0,6.0,6.0,7.0,5.0,3.0,4.0,2.0,4.0,8.0,4.0,3.0,6.0,5.0,8.0,8.0,5.0,3.0,4.0,3.0,3.0,3.0,5.0,5.0,4.0,3.0,4.0,5.0,4.0,4.076923076923077
230,Chemin de la Planche 306,MEYRIN,1217.0,KLEIN,3.0,4.0,4.0,2.0,3.0,2.0,3.0,3.0,2.0,2.0,2.0,1.0,2.0,0.0,4.0,4.0,4.0,3.0,3.0,2.0,6.0,3.0,5.0,2.0,7.0,6.0,4.0,2.0,3.0,4.0,3.0,8.0,2.0,3.0,2.0,5.0,4.0,4.0,8.0,3.0,4.0,3.0,4.0,5.0,3.0,4.0,4.0,4.0,3.0,3.0,6.0,4.0,3.5384615384615383
125,déchetterie - Promenade des Champs-Fréchets 25,MEYRIN,1217.0,KLEIN,6.0,4.0,3.0,3.0,4.0,5.0,6.0,3.0,3.0,2.0,2.0,4.0,3.0,0.0,4.0,4.0,6.0,6.0,4.0,5.0,4.0,3.0,5.0,7.0,6.0,2.0,7.0,7.0,4.0,6.0,4.0,2.0,2.0,3.0,3.0,3.0,7.0,6.0,5.0,3.0,4.0,5.0,3.0,5.0,6.0,8.0,8.0,6.0,8.0,6.0,8.0,5.0,4.576923076923077
247,Avenue Vaudagne 50,MEYRIN,1217.0,KLEIN,4.0,5.0,4.0,3.0,2.0,2.0,2.0,3.0,3.0,3.0,2.0,0.0,2.0,0.0,4.0,4.0,3.0,4.0,3.0,3.0,5.0,3.0,4.0,5.0,4.0,8.0,7.0,7.0,4.0,5.0,4.0,2.0,8.0,3.0,2.0,2.0,6.0,6.0,8.0,3.0,3.0,4.0,3.0,4.0,3.0,4.0,4.0,6.0,4.0,5.0,6.0,4.0,3.8846153846153846
170,"déchetterie - École du Jura, Grand Bay 16, Avanchets",VERNIER,1214.0,KLEIN,6.0,7.0,3.0,2.0,3.0,5.0,4.0,2.0,3.0,6.0,2.0,4.0,2.0,0.0,5.0,6.0,4.0,4.0,3.0,4.0,6.0,4.0,2.0,5.0,6.0,4.0,6.0,4.0,6.0,3.0,3.0,8.0,2.0,4.0,10.0,8.0,4.0,6.0,3.0,4.0,5.0,5.0,4.0,4.0,5.0,4.0,4.0,3.0,5.0,5.0,5.0,4.0,4.346153846153846
100,"Giratoire Lévrier, Avenue Baptista, Avanchets",VERNIER,1214.0,KLEIN,5.0,8.0,3.0,3.0,6.0,7.0,2.0,9.0,1.0,4.0,2.0,3.0,2.0,0.0,4.0,3.0,3.0,4.0,6.0,2.0,4.0,4.0,3.0,5.0,2.0,5.0,6.0,5.0,6.0,4.0,4.0,2.0,2.0,4.0,2.0,2.0,5.0,5.0,5.0,2.0,4.0,4.0,3.0,3.0,4.0,4.0,4.0,5.0,4.0,5.0,4.0,4.0,3.8846153846153846
352,Avenue de l'Étang / Allée des Grenouilles,VERNIER,1214.0,KLEIN,4.0,3.0,2.0,2.0,2.0,5.0,2.0,3.0,2.0,2.0,2.0,2.0,4.0,0.0,4.0,6.0,2.0,4.0,4.0,2.0,2.0,7.0,5.0,5.0,4.0,4.0,4.0,3.0,5.0,3.0,3.0,2.0,4.0,4.0,4.0,3.0,2.0,5.0,4.0,5.0,5.0,4.0,2.0,8.0,4.0,5.0,4.0,6.0,5.0,5.0,4.0,4.0,3.673076923076923
351,Avenue de l'Étang / Allée des Roseaux,VERNIER,1214.0,KLEIN,6.0,3.0,2.0,2.0,6.0,5.0,1.0,8.0,5.0,4.0,4.0,2.0,2.0,0.0,4.0,3.0,2.0,2.0,3.0,3.0,1.0,3.0,6.0,5.0,2.0,3.0,7.0,4.0,4.0,4.0,3.0,2.0,8.0,3.0,2.0,4.0,2.0,6.0,8.0,5.0,3.0,3.0,2.0,8.0,4.0,6.0,4.0,6.0,5.0,4.0,3.0,3.0,3.8461538461538463
131,déchetterie - Chemin Coudriers / Chemin Corbilettes 1,VERNIER,1214.0,KLEIN,4.0,6.0,3.0,2.0,3.0,2.0,2.0,2.0,1.0,6.0,2.0,1.0,2.0,0.0,4.0,3.0,3.0,4.0,3.0,1.0,3.0,1.0,1.0,1.0,2.0,7.0,3.0,4.0,4.0,2.0,4.0,2.0,2.0,8.0,3.0,3.0,2.0,2.0,2.0,5.0,4.0,2.0,4.0,2.0,4.0,2.0,2.0,3.0,3.0,3.0,3.0,4.0,2.9038461538461537
80,déchetterie - Rue Chabrey 43,GENEVE,1202.0,KLEIN,6.0,8.0,4.0,4.0,3.0,8.0,4.0,8.0,8.0,3.0,2.0,3.0,4.0,0.0,6.0,8.0,5.0,2.0,3.0,3.0,6.0,4.0,6.0,6.0,7.0,6.0,6.0,7.0,5.0,4.0,4.0,5.0,8.0,8.0,3.0,10.0,4.0,6.0,6.0,8.0,6.0,3.0,3.0,4.0,4.0,4.0,5.0,8.0,5.0,5.0,5.0,5.0,5.153846153846154
90,déchetterie - Avenue du Bouchet / Avenue Mervelet,GENEVE,1209.0,KLEIN,6.0,8.0,6.0,4.0,2.0,8.0,5.0,7.0,7.0,6.0,3.0,3.0,3.0,0.0,5.0,4.0,4.0,4.0,3.0,7.0,7.0,8.0,4.0,6.0,6.0,5.0,5.0,6.0,6.0,3.0,5.0,4.0,8.0,4.0,5.0,5.0,4.0,5.0,6.0,2.0,6.0,3.0,5.0,4.0,4.0,4.0,8.0,6.0,5.0,4.0,5.0,5.0,4.961538461538462
238,Rue Edmond Vaucher 19b,GENEVE,1219.0,KLEIN,4.0,8.0,2.0,4.0,3.0,0.0,1.0,4.0,2.0,4.0,4.0,2.0,4.0,0.0,6.0,5.0,3.0,4.0,2.0,3.0,6.0,3.0,4.0,3.0,3.0,4.0,5.0,4.0,4.0,2.0,3.0,2.0,2.0,8.0,2.0,5.0,8.0,2.0,8.0,3.0,3.0,2.0,6.0,4.0,4.0,4.0,4.0,4.0,4.0,4.0,3.0,5.0,3.7115384615384617
106,déchetterie - Avenue de Crozet 48,VERNIER,1214.0,KLEIN,5.0,6.0,2.0,4.0,2.0,0.0,6.0,5.0,5.0,2.0,4.0,4.0,5.0,0.0,5.0,5.0,3.0,4.0,2.0,7.0,6.0,4.0,4.0,5.0,4.0,5.0,4.0,8.0,6.0,4.0,4.0,2.0,2.0,4.0,10.0,2.0,3.0,5.0,2.0,3.0,6.0,3.0,6.0,4.0,4.0,4.0,4.0,4.0,4.0,5.0,5.0,6.0,4.1923076923076925
169,"déchetterie - École de Châtelaine, Chemin des Eglantines 3 (1)",VERNIER,1214.0,KLEIN,4.0,4.0,2.0,3.0,2.0,0.0,2.0,1.0,2.0,2.0,2.0,1.0,2.0,0.0,5.0,2.0,4.0,3.0,2.0,1.0,3.0,0.0,3.0,4.0,2.0,2.0,2.0,7.0,3.0,4.0,1.0,2.0,0.0,8.0,2.0,4.0,2.0,2.0,4.0,3.0,3.0,3.0,2.0,3.0,8.0,1.0,4.0,4.0,2.0,4.0,4.0,5.0,2.7884615384615383
171,"déchetterie - École de Châtelaine, Chemin des Eglantines 3 (2)",VERNIER,1214.0,KLEIN,4.0,4.0,2.0,3.0,2.0,0.0,1.0,0.0,0.0,4.0,2.0,1.0,2.0,0.0,5.0,3.0,2.0,4.0,2.0,2.0,0.0,3.0,1.0,3.0,2.0,4.0,2.0,2.0,3.0,3.0,3.0,2.0,2.0,3.0,2.0,2.0,1.0,2.0,3.0,1.0,2.0,1.0,2.0,3.0,4.0,6.0,0.0,4.0,4.0,1.0,3.0,2.0,2.2884615384615383
12,Chemin des Ouches 1 / Chemin des Sports,GENEVE,1203.0,KLEIN,6.0,2.0,3.0,5.0,5.0,8.0,4.0,8.0,2.0,6.0,5.0,3.0,4.0,0.0,6.0,8.0,3.0,6.0,4.0,6.0,3.0,4.0,5.0,5.0,5.0,6.0,8.0,4.0,3.0,7.0,3.0,3.0,8.0,5.0,4.0,3.0,3.0,5.0,9.0,10.0,4.0,4.0,3.0,4.0,5.0,3.0,6.0,5.0,8.0,8.0,6.0,8.0,5.019230769230769
205,déchetterie - Rond-Point du Chemin de l'Écu 17,VERNIER,1214.0,KLEIN,4.0,2.0,1.0,2.0,3.0,4.0,5.0,6.0,4.0,5.0,1.0,2.0,2.0,0.0,3.0,3.0,2.0,6.0,2.0,2.0,4.0,6.0,3.0,5.0,4.0,5.0,7.0,4.0,3.0,3.0,2.0,4.0,5.0,4.0,6.0,4.0,4.0,5.0,5.0,5.0,7.0,6.0,5.0,6.0,3.0,3.0,4.0,4.0,6.0,3.0,5.0,4.0,3.9038461538461537
210,déchetterie - Chemin Isaac Anken / Chemin de la Herse,VERNIER,1214.0,KLEIN,4.0,2.0,1.0,2.0,2.0,2.0,2.0,5.0,4.0,2.0,1.0,1.0,1.0,0.0,2.0,3.0,2.0,4.0,2.0,2.0,2.0,0.0,1.0,3.0,4.0,4.0,8.0,2.0,3.0,3.0,2.0,5.0,5.0,4.0,1.0,8.0,1.0,10.0,4.0,5.0,3.0,5.0,5.0,4.0,2.0,3.0,3.0,4.0,2.0,3.0,2.0,4.0,3.0576923076923075
127,déchetterie - Gordon Bennet / Chemin de la Muraille,VERNIER,1214.0,KLEIN,4.0,2.0,1.0,2.0,3.0,2.0,2.0,5.0,6.0,5.0,1.0,1.0,1.0,0.0,2.0,2.0,2.0,4.0,2.0,2.0,1.0,2.0,4.0,3.0,3.0,3.0,7.0,2.0,2.0,6.0,3.0,2.0,4.0,8.0,4.0,2.0,4.0,10.0,8.0,5.0,5.0,5.0,5.0,3.0,2.0,3.0,3.0,2.0,3.0,1.0,2.0,4.0,3.269230769230769
242,"déchetterie - Migros, Place du Lignon (1)",VERNIER,1214.0,KLEIN,4.0,1.0,2.0,2.0,1.0,3.0,5.0,5.0,5.0,2.0,4.0,4.0,1.0,0.0,4.0,4.0,3.0,4.0,2.0,0.0,2.0,3.0,4.0,4.0,5.0,4.0,7.0,3.0,2.0,4.0,4.0,3.0,4.0,1.0,2.0,4.0,7.0,8.0,2.0,7.0,5.0,7.0,7.0,2.0,4.0,3.0,4.0,3.0,3.0,4.0,2.0,4.0,3.5384615384615383
244,"déchetterie - Migros, Place du Lignon (2)",VERNIER,1214.0,KLEIN,2.0,2.0,2.0,2.0,1.0,1.0,6.0,5.0,5.0,2.0,3.0,2.0,1.0,0.0,4.0,4.0,3.0,6.0,3.0,0.0,2.0,2.0,3.0,6.0,5.0,4.0,8.0,2.0,3.0,5.0,2.0,2.0,8.0,2.0,2.0,2.0,7.0,8.0,8.0,3.0,10.0,5.0,8.0,2.0,2.0,3.0,4.0,4.0,4.0,3.0,4.0,3.0,3.6538461538461537
184,"déchetterie - Tour du Lignon, Terminus TPG (1)",VERNIER,1214.0,KLEIN,0.0,6.0,2.0,2.0,4.0,3.0,5.0,8.0,6.0,3.0,2.0,4.0,2.0,0.0,6.0,3.0,4.0,6.0,2.0,4.0,2.0,5.0,1.0,6.0,5.0,4.0,7.0,4.0,3.0,3.0,4.0,6.0,8.0,3.0,3.0,3.0,8.0,6.0,8.0,10.0,10.0,5.0,5.0,4.0,4.0,3.0,4.0,3.0,2.0,3.0,2.0,1.0,4.173076923076923
185,"déchetterie - Tour du Lignon, Terminus TPG (2)",VERNIER,1214.0,KLEIN,0.0,6.0,2.0,2.0,2.0,0.0,1.0,8.0,2.0,4.0,2.0,2.0,2.0,0.0,6.0,4.0,3.0,5.0,2.0,0.0,5.0,0.0,1.0,6.0,7.0,4.0,7.0,8.0,2.0,8.0,7.0,6.0,4.0,3.0,3.0,3.0,7.0,7.0,8.0,10.0,10.0,5.0,7.0,8.0,3.0,3.0,4.0,5.0,5.0,2.0,5.0,3.0,4.211538461538462
189,"déchetterie - École d'Aïre, Chemin du Grand Champ",VERNIER,1214.0,KLEIN,2.0,4.0,2.0,2.0,7.0,1.0,4.0,7.0,5.0,4.0,1.0,2.0,2.0,0.0,3.0,4.0,2.0,5.0,2.0,0.0,2.0,1.0,3.0,3.0,2.0,4.0,8.0,2.0,3.0,6.0,2.0,5.0,5.0,2.0,2.0,2.0,6.0,6.0,6.0,6.0,5.0,10.0,8.0,5.0,4.0,0.0,4.0,3.0,4.0,2.0,3.0,3.0,3.576923076923077
334,Route des Romelles 19,BELLEVUE,1293.0,KLEIN,2.0,2.0,1.0,3.0,2.0,1.0,1.0,4.0,1.0,2.0,2.0,3.0,2.0,6.0,4.0,4.0,4.0,7.0,4.0,2.0,5.0,4.0,2.0,4.0,2.0,3.0,0.0,4.0,4.0,4.0,3.0,4.0,2.0,8.0,2.0,2.0,2.0,2.0,3.0,3.0,5.0,5.0,1.0,2.0,3.0,4.0,4.0,4.0,2.0,4.0,5.0,5.0,3.1538461538461537
4,Chemin de Mollies 388,BELLEVUE,1293.0,KLEIN,2.0,1.0,1.0,1.0,0.0,0.0,0.0,0.0,1.0,2.0,1.0,1.0,2.0,4.0,4.0,2.0,2.0,1.0,2.0,2.0,2.0,1.0,1.0,1.0,2.0,1.0,4.0,4.0,6.0,2.0,2.0,0.0,0.0,8.0,2.0,1.0,1.0,1.0,1.0,1.0,3.0,5.0,2.0,1.0,3.0,1.0,3.0,2.0,2.0,2.0,1.0,2.0,1.8653846153846154
104,"Mairie, Route de Lausanne 328",BELLEVUE,1293.0,KLEIN,1.0,3.0,2.0,1.0,0.0,0.0,0.0,2.0,1.0,2.0,1.0,1.0,0.0,5.0,2.0,2.0,2.0,0.0,4.0,1.0,1.0,1.0,0.0,1.0,2.0,1.0,4.0,4.0,3.0,2.0,2.0,4.0,2.0,2.0,3.0,8.0,2.0,1.0,2.0,1.0,4.0,5.0,2.0,1.0,3.0,2.0,1.0,3.0,1.0,1.0,1.0,1.0,1.9423076923076923
103,"Crèche, Chemin de la Menuiserie 41",BELLEVUE,1293.0,KLEIN,1.0,2.0,1.0,1.0,3.0,2.0,1.0,1.0,1.0,2.0,2.0,1.0,2.0,5.0,2.0,2.0,1.0,1.0,4.0,2.0,2.0,3.0,2.0,2.0,4.0,3.0,6.0,4.0,3.0,2.0,2.0,2.0,4.0,1.0,2.0,2.0,1.0,1.0,1.0,2.0,3.0,5.0,1.0,2.0,3.0,4.0,2.0,3.0,3.0,3.0,1.0,1.0,2.25
111,Chemin de la Pelotière / Route des Fayards,VERSOIX,1290.0,KLEIN,3.0,6.0,4.0,2.0,4.0,3.0,6.0,4.0,4.0,4.0,3.0,5.0,5.0,6.0,5.0,7.0,6.0,5.0,5.0,8.0,0.0,8.0,6.0,8.0,4.0,7.0,7.0,7.0,7.0,8.0,7.0,5.0,4.0,5.0,10.0,4.0,5.0,2.0,6.0,3.0,3.0,5.0,4.0,0.0,4.0,5.0,4.0,5.0,6.0,5.0,8.0,6.0,5.0576923076923075
101,"Parking, Place Bordier (2)",VERSOIX,1290.0,KLEIN,6.0,6.0,4.0,2.0,3.0,5.0,8.0,8.0,8.0,5.0,5.0,5.0,2.0,4.0,6.0,10.0,7.0,6.0,5.0,10.0,7.0,7.0,8.0,7.0,6.0,7.0,8.0,8.0,4.0,5.0,8.0,5.0,7.0,6.0,7.0,8.0,8.0,6.0,4.0,6.0,6.0,6.0,6.0,5.0,8.0,8.0,5.0,6.0,6.0,5.0,4.0,8.0,6.153846153846154
102,Grand Montfleury (1),VERSOIX,1290.0,KLEIN,4.0,7.0,3.0,2.0,3.0,4.0,5.0,5.0,8.0,6.0,5.0,4.0,4.0,4.0,6.0,8.0,6.0,5.0,7.0,2.0,6.0,5.0,8.0,8.0,7.0,7.0,6.0,7.0,7.0,7.0,5.0,6.0,5.0,5.0,6.0,5.0,7.0,6.0,4.0,6.0,6.0,5.0,5.0,5.0,8.0,8.0,6.0,5.0,5.0,5.0,6.0,5.0,5.576923076923077
296,"Parking Lachenal, Route de St-Loup / Chemin des Villars (1)",VERSOIX,1290.0,KLEIN,4.0,6.0,6.0,2.0,3.0,2.0,1.0,8.0,6.0,6.0,4.0,1.0,4.0,4.0,2.0,4.0,4.0,5.0,3.0,8.0,6.0,7.0,8.0,3.0,3.0,3.0,1.0,2.0,4.0,1.0,4.0,5.0,4.0,6.0,6.0,5.0,7.0,7.0,6.0,5.0,7.0,6.0,7.0,7.0,8.0,8.0,4.0,4.0,8.0,5.0,8.0,8.0,4.923076923076923
108,"Parking Lachenal, Route de St-Loup / Chemin des Villars (2)",VERSOIX,1290.0,KLEIN,2.0,6.0,2.0,2.0,8.0,2.0,6.0,7.0,3.0,6.0,2.0,1.0,2.0,5.0,2.0,2.0,3.0,4.0,5.0,8.0,1.0,5.0,4.0,3.0,4.0,4.0,2.0,2.0,3.0,2.0,7.0,5.0,3.0,5.0,4.0,5.0,5.0,5.0,5.0,4.0,5.0,5.0,6.0,5.0,6.0,8.0,4.0,8.0,6.0,5.0,6.0,4.0,4.3076923076923075
107,"Parking Lachenal, Route de St-Loup / Chemin des Villars (3)",VERSOIX,1290.0,KLEIN,1.0,2.0,4.0,2.0,4.0,2.0,0.0,4.0,2.0,6.0,2.0,1.0,2.0,5.0,2.0,6.0,8.0,1.0,3.0,1.0,2.0,1.0,4.0,4.0,7.0,2.0,6.0,6.0,6.0,4.0,6.0,4.0,2.0,3.0,2.0,4.0,3.0,4.0,2.0,2.0,5.0,3.0,5.0,2.0,4.0,5.0,4.0,4.0,4.0,2.0,4.0,2.0,3.3846153846153846
105,"Parking Lachenal, Route de St-Loup / Chemin des Villars (4)",VERSOIX,1290.0,KLEIN,1.0,3.0,4.0,2.0,5.0,2.0,0.0,0.0,1.0,6.0,2.0,1.0,2.0,6.0,2.0,10.0,7.0,1.0,6.0,2.0,2.0,1.0,1.0,3.0,8.0,5.0,8.0,5.0,7.0,7.0,4.0,2.0,2.0,2.0,1.0,2.0,2.0,2.0,2.0,1.0,3.0,1.0,2.0,1.0,2.0,5.0,4.0,4.0,2.0,1.0,3.0,2.0,3.076923076923077
216,déchetterie - Route de Collex 208,COLLEX-BOSSY,1239.0,KLEIN,3.0,5.0,8.0,0.0,3.0,2.0,4.0,6.0,3.0,4.0,3.0,2.0,0.0,4.0,2.0,5.0,4.0,3.0,3.0,5.0,3.0,4.0,7.0,2.0,3.0,3.0,5.0,3.0,6.0,3.0,5.0,3.0,3.0,2.0,4.0,8.0,8.0,4.0,4.0,4.0,3.0,5.0,3.0,2.0,4.0,5.0,4.0,4.0,8.0,6.0,6.0,6.0,4.019230769230769
119,Chemin de la Roselière,BELLEVUE,1293.0,KLEIN,2.0,2.0,4.0,2.0,4.0,6.0,1.0,5.0,3.0,3.0,3.0,2.0,2.0,6.0,5.0,5.0,4.0,4.0,4.0,3.0,4.0,5.0,5.0,7.0,7.0,4.0,5.0,6.0,6.0,4.0,6.0,4.0,4.0,4.0,4.0,2.0,5.0,3.0,3.0,4.0,4.0,4.0,3.0,3.0,5.0,3.0,5.0,6.0,5.0,6.0,6.0,4.0,4.153846153846154
380,déchetterie - Parking de la Gare / Chemin de Chambésy 13,PREGNY-CHAMBESY,1292.0,KLEIN,1.0,4.0,2.0,1.0,1.0,1.0,0.0,0.0,0.0,1.0,1.0,1.0,2.0,4.0,2.0,7.0,2.0,1.0,3.0,1.0,1.0,1.0,0.0,1.0,1.0,1.0,3.0,1.0,2.0,0.0,1.0,1.0,0.0,2.0,2.0,1.0,1.0,2.0,3.0,3.0,4.0,1.0,2.0,7.0,5.0,3.0,1.0,5.0,2.0,1.0,3.0,3.0,1.9038461538461537
120,déchetterie - Chemin des Chataigniers 10,PREGNY-CHAMBESY,1292.0,KLEIN,2.0,2.0,1.0,1.0,0.0,1.0,2.0,3.0,1.0,2.0,1.0,1.0,1.0,5.0,2.0,3.0,2.0,2.0,4.0,1.0,2.0,2.0,2.0,1.0,4.0,2.0,4.0,2.0,4.0,2.0,2.0,3.0,2.0,8.0,3.0,2.0,3.0,3.0,1.0,2.0,3.0,3.0,2.0,5.0,4.0,2.0,0.0,3.0,6.0,3.0,2.0,4.0,2.4615384615384617
180,déchetterie - Route de Vallery 91,PREGNY-CHAMBESY,1292.0,KLEIN,1.0,1.0,1.0,2.0,0.0,1.0,2.0,3.0,1.0,1.0,1.0,2.0,2.0,5.0,2.0,2.0,2.0,2.0,2.0,1.0,1.0,0.0,2.0,2.0,1.0,3.0,3.0,2.0,4.0,2.0,2.0,1.0,4.0,8.0,2.0,3.0,3.0,3.0,1.0,1.0,2.0,3.0,1.0,5.0,4.0,4.0,2.0,5.0,4.0,2.0,3.0,4.0,2.326923076923077
116,"Voirie, Avenue Foretaille 8c",PREGNY-CHAMBESY,1292.0,KLEIN,1.0,2.0,1.0,2.0,1.0,3.0,2.0,2.0,2.0,1.0,1.0,1.0,2.0,5.0,3.0,1.0,2.0,2.0,4.0,2.0,2.0,1.0,2.0,2.0,1.0,3.0,3.0,2.0,3.0,3.0,4.0,3.0,4.0,2.0,6.0,4.0,2.0,2.0,2.0,3.0,2.0,2.0,2.0,3.0,5.0,4.0,2.0,3.0,4.0,2.0,4.0,4.0,2.519230769230769
214,déchetterie - Chemin Valerie 23,PREGNY-CHAMBESY,1292.0,KLEIN,4.0,5.0,2.0,4.0,1.0,3.0,0.0,2.0,3.0,4.0,2.0,2.0,4.0,2.0,2.0,7.0,5.0,3.0,4.0,3.0,4.0,3.0,4.0,3.0,4.0,7.0,5.0,4.0,3.0,3.0,2.0,1.0,2.0,3.0,3.0,1.0,2.0,8.0,2.0,3.0,1.0,4.0,3.0,3.0,3.0,4.0,4.0,5.0,3.0,2.0,3.0,4.0,3.230769230769231
118,"Parking, Route de Prégny 38-41",PREGNY-CHAMBESY,1292.0,KLEIN,2.0,2.0,4.0,1.0,1.0,0.0,0.0,2.0,2.0,1.0,1.0,1.0,4.0,2.0,2.0,3.0,4.0,0.0,5.0,5.0,3.0,1.0,2.0,4.0,1.0,4.0,4.0,4.0,6.0,2.0,2.0,2.0,4.0,2.0,2.0,2.0,8.0,2.0,3.0,3.0,3.0,3.0,2.0,3.0,4.0,4.0,3.0,3.0,4.0,2.0,4.0,3.0,2.7115384615384617
318,"Jardin des Burgondes, Ancienne Route 20 (2)",GRAND-SACONNEX,1218.0,KLEIN,2.0,4.0,4.0,1.0,2.0,4.0,6.0,0.0,3.0,1.0,1.0,2.0,2.0,2.0,4.0,4.0,2.0,4.0,2.0,2.0,3.0,2.0,4.0,4.0,2.0,3.0,4.0,5.0,4.0,3.0,5.0,2.0,1.0,4.0,4.0,5.0,4.0,2.0,3.0,10.0,6.0,3.0,3.0,5.0,3.0,3.0,4.0,3.0,4.0,2.0,4.0,1.0,3.2115384615384617
292,Place de Carantec (1),GRAND-SACONNEX,1218.0,KLEIN,4.0,5.0,6.0,2.0,6.0,6.0,5.0,5.0,8.0,3.0,3.0,4.0,4.0,3.0,4.0,3.0,6.0,4.0,2.0,8.0,3.0,3.0,7.0,6.0,4.0,6.0,5.0,5.0,4.0,4.0,3.0,3.0,2.0,4.0,5.0,10.0,4.0,5.0,2.0,4.0,6.0,5.0,5.0,6.0,3.0,5.0,4.0,4.0,5.0,2.0,5.0,4.0,4.5
293,Place de Carantec (2),GRAND-SACONNEX,1218.0,KLEIN,4.0,5.0,2.0,2.0,1.0,2.0,4.0,1.0,4.0,5.0,3.0,2.0,4.0,6.0,5.0,3.0,5.0,6.0,4.0,6.0,4.0,3.0,5.0,7.0,5.0,7.0,7.0,6.0,5.0,3.0,3.0,3.0,2.0,5.0,4.0,10.0,8.0,4.0,2.0,3.0,5.0,6.0,3.0,5.0,3.0,3.0,4.0,3.0,4.0,4.0,5.0,4.0,4.211538461538462
254,déchetterie - l'Ancienne Route / Chemin Alfred Bétems,GRAND-SACONNEX,1218.0,KLEIN,2.0,4.0,1.0,1.0,1.0,7.0,1.0,3.0,4.0,2.0,2.0,1.0,3.0,4.0,3.0,4.0,5.0,3.0,4.0,4.0,4.0,3.0,5.0,5.0,2.0,5.0,4.0,2.0,5.0,3.0,4.0,3.0,3.0,8.0,2.0,5.0,3.0,8.0,4.0,3.0,3.0,5.0,2.0,3.0,5.0,5.0,8.0,5.0,5.0,2.0,5.0,4.0,3.6923076923076925
264,"Parking Salle Communale, Ancienne Route 63",GRAND-SACONNEX,1218.0,KLEIN,2.0,3.0,1.0,3.0,1.0,5.0,1.0,2.0,4.0,2.0,2.0,5.0,2.0,5.0,5.0,4.0,5.0,3.0,2.0,3.0,3.0,2.0,3.0,4.0,0.0,2.0,6.0,3.0,3.0,2.0,4.0,2.0,2.0,8.0,4.0,5.0,2.0,3.0,3.0,7.0,4.0,5.0,7.0,5.0,5.0,4.0,6.0,3.0,4.0,3.0,5.0,4.0,3.519230769230769
306,"déchetterie - Quartier du Pommier, Rue Gardiol 14 (1)",GRAND-SACONNEX,1218.0,KLEIN,6.0,6.0,7.0,1.0,6.0,7.0,3.0,5.0,8.0,2.0,6.0,6.0,5.0,3.0,6.0,6.0,5.0,3.0,4.0,1.0,2.0,3.0,4.0,2.0,3.0,6.0,8.0,5.0,4.0,4.0,2.0,5.0,5.0,10.0,7.0,5.0,8.0,4.0,10.0,8.0,5.0,5.0,6.0,5.0,5.0,4.0,4.0,4.0,5.0,5.0,5.0,5.0,4.980769230769231
305,"déchetterie - Quartier du Pommier, Rue Gardiol 14 (2)",GRAND-SACONNEX,1218.0,KLEIN,2.0,5.0,7.0,1.0,3.0,2.0,3.0,3.0,6.0,2.0,6.0,6.0,5.0,2.0,6.0,6.0,6.0,5.0,4.0,3.0,1.0,3.0,5.0,2.0,2.0,4.0,7.0,5.0,5.0,3.0,2.0,7.0,3.0,10.0,6.0,5.0,9.0,3.0,3.0,8.0,5.0,4.0,6.0,5.0,5.0,3.0,4.0,3.0,3.0,5.0,5.0,4.0,4.384615384615385
253,Rue Alberto Giacometti / Rue Sonnex (1),GRAND-SACONNEX,1218.0,KLEIN,2.0,6.0,7.0,1.0,8.0,5.0,3.0,3.0,8.0,7.0,4.0,6.0,5.0,2.0,6.0,6.0,4.0,3.0,2.0,1.0,4.0,1.0,6.0,2.0,3.0,6.0,6.0,5.0,4.0,4.0,2.0,7.0,6.0,8.0,7.0,5.0,9.0,4.0,3.0,7.0,5.0,3.0,7.0,5.0,6.0,4.0,4.0,4.0,5.0,5.0,8.0,4.0,4.769230769230769
252,Rue Alberto Giacometti / Rue Sonnex (2),GRAND-SACONNEX,1218.0,KLEIN,6.0,5.0,7.0,1.0,5.0,6.0,0.0,3.0,7.0,7.0,4.0,6.0,5.0,8.0,6.0,7.0,4.0,6.0,4.0,1.0,3.0,4.0,0.0,2.0,2.0,5.0,7.0,5.0,4.0,2.0,2.0,7.0,5.0,8.0,7.0,6.0,9.0,5.0,2.0,6.0,4.0,6.0,7.0,3.0,6.0,4.0,4.0,3.0,3.0,5.0,8.0,5.0,4.75
115,"déchetterie - Centre Com. Balexert, Avenue Louis Casai 27 / Route de Meyrin",GENEVE,1209.0,KLEIN,3.0,1.0,2.0,4.0,1.0,1.0,3.0,0.0,1.0,4.0,1.0,2.0,0.0,1.0,1.0,2.0,2.0,1.0,0.0,0.0,2.0,2.0,1.0,2.0,1.0,6.0,1.0,2.0,3.0,2.0,2.0,1.0,5.0,2.0,1.0,1.0,5.0,3.0,2.0,1.0,1.0,1.0,1.0,3.0,1.0,1.0,1.0,1.0,1.0,1.0,1.0,0.0,1.6923076923076923
250,déchetterie - Chemin du Jonc / Jacques Attenville (1),GRAND-SACONNEX,1218.0,KLEIN,2.0,2.0,3.0,2.0,3.0,3.0,7.0,1.0,2.0,2.0,1.0,2.0,2.0,5.0,3.0,2.0,1.0,1.0,2.0,4.0,6.0,0.0,1.0,0.0,0.0,0.0,0.0,0.0,0.0,4.0,3.0,3.0,4.0,4.0,3.0,5.0,6.0,8.0,7.0,7.0,6.0,7.0,1.0,3.0,4.0,4.0,3.0,3.0,4.0,2.0,3.0,0.0,2.9038461538461537
251,déchetterie - Chemin du Jonc / Jacques Attenville (2),GRAND-SACONNEX,1218.0,KLEIN,2.0,2.0,3.0,2.0,3.0,0.0,7.0,1.0,1.0,2.0,1.0,2.0,2.0,5.0,3.0,3.0,3.0,1.0,1.0,4.0,0.0,2.0,1.0,0.0,0.0,0.0,0.0,0.0,0.0,2.0,3.0,3.0,4.0,4.0,2.0,5.0,3.0,3.0,1.0,1.0,2.0,6.0,2.0,2.0,4.0,4.0,3.0,2.0,3.0,3.0,1.0,0.0,2.1923076923076925
300,"Centre de Récup. Parking École la Tour, F. Lehmann (1)",GRAND-SACONNEX,1218.0,KLEIN,2.0,6.0,4.0,2.0,6.0,5.0,8.0,6.0,3.0,2.0,2.0,2.0,3.0,6.0,4.0,3.0,4.0,3.0,1.0,10.0,4.0,0.0,1.0,3.0,5.0,6.0,2.0,3.0,4.0,4.0,3.0,5.0,3.0,8.0,4.0,2.0,7.0,8.0,6.0,7.0,7.0,7.0,3.0,5.0,4.0,4.0,3.0,4.0,4.0,5.0,4.0,0.0,4.173076923076923
301,"Centre de Récup. Parking École la Tour, F. Lehmann (2)",GRAND-SACONNEX,1218.0,KLEIN,4.0,6.0,4.0,2.0,0.0,1.0,8.0,0.0,1.0,2.0,2.0,2.0,2.0,4.0,3.0,3.0,6.0,3.0,3.0,8.0,0.0,3.0,6.0,6.0,6.0,5.0,6.0,4.0,5.0,3.0,5.0,5.0,2.0,2.0,3.0,2.0,1.0,1.0,2.0,2.0,1.0,2.0,2.0,5.0,4.0,4.0,3.0,3.0,4.0,3.0,3.0,0.0,3.2115384615384617
154,déchetterie - Chemin Moïse Duboule 47,GENEVE,1209.0,KLEIN,5.0,6.0,3.0,4.0,1.0,6.0,9.0,6.0,10.0,4.0,2.0,3.0,4.0,3.0,6.0,7.0,5.0,4.0,3.0,8.0,8.0,4.0,4.0,7.0,3.0,6.0,7.0,7.0,4.0,6.0,7.0,4.0,2.0,8.0,3.0,3.0,9.0,9.0,4.0,4.0,5.0,3.0,3.0,3.0,4.0,1.0,2.0,3.0,3.0,3.0,3.0,0.0,4.634615384615385
70,"Parking École de Budé, Chemin Moïse Duboule 4",GENEVE,1209.0,KLEIN,4.0,2.0,3.0,4.0,2.0,5.0,9.0,4.0,4.0,4.0,4.0,3.0,4.0,7.0,3.0,7.0,3.0,3.0,2.0,3.0,3.0,3.0,2.0,3.0,4.0,6.0,7.0,4.0,3.0,5.0,6.0,3.0,3.0,8.0,3.0,2.0,3.0,4.0,3.0,2.0,3.0,2.0,1.0,3.0,4.0,8.0,2.0,5.0,3.0,2.0,3.0,0.0,3.7115384615384617
73,"déchetterie - Centre Commercial, Avenue de Budé 15",GENEVE,1202.0,KLEIN,6.0,7.0,3.0,4.0,2.0,4.0,9.0,4.0,4.0,3.0,4.0,3.0,5.0,6.0,3.0,6.0,2.0,4.0,2.0,4.0,6.0,7.0,7.0,5.0,4.0,6.0,7.0,4.0,4.0,6.0,6.0,3.0,4.0,4.0,3.0,2.0,5.0,3.0,2.0,2.0,8.0,0.0,2.0,3.0,4.0,1.0,4.0,4.0,4.0,2.0,6.0,0.0,4.096153846153846
96,déchetterie - Chemin de Sous-Bois 14,GENEVE,1202.0,KLEIN,7.0,6.0,4.0,4.0,4.0,5.0,8.0,6.0,2.0,3.0,3.0,3.0,5.0,4.0,5.0,8.0,5.0,3.0,3.0,2.0,6.0,8.0,7.0,7.0,5.0,5.0,6.0,4.0,4.0,7.0,5.0,4.0,3.0,5.0,4.0,3.0,9.0,5.0,5.0,8.0,8.0,7.0,3.0,4.0,4.0,8.0,6.0,6.0,8.0,5.0,5.0,0.0,5.076923076923077
91,Rue Maurice Braillard / Chemin des Colombettes 1,GENEVE,1202.0,KLEIN,4.0,7.0,4.0,4.0,5.0,7.0,8.0,6.0,5.0,4.0,3.0,4.0,5.0,2.0,4.0,7.0,5.0,3.0,2.0,4.0,7.0,6.0,8.0,3.0,2.0,4.0,7.0,4.0,4.0,6.0,7.0,3.0,4.0,5.0,3.0,3.0,4.0,3.0,6.0,8.0,7.0,5.0,5.0,7.0,4.0,8.0,6.0,6.0,4.0,4.0,5.0,0.0,4.826923076923077
82,déchetterie - Rue de Moillebeau 32 (1),GENEVE,1209.0,KLEIN,2.0,3.0,4.0,3.0,5.0,8.0,8.0,4.0,9.0,1.0,3.0,5.0,4.0,2.0,5.0,8.0,6.0,3.0,4.0,4.0,7.0,3.0,6.0,5.0,3.0,6.0,6.0,3.0,7.0,6.0,3.0,4.0,4.0,5.0,5.0,2.0,8.0,8.0,4.0,7.0,8.0,6.0,4.0,2.0,5.0,1.0,4.0,4.0,4.0,5.0,5.0,0.0,4.634615384615385
381,déchetterie - Rue de Moillebeau 32 (2),GENEVE,1209.0,KLEIN,2.0,4.0,4.0,3.0,5.0,8.0,8.0,2.0,7.0,2.0,3.0,5.0,3.0,6.0,5.0,8.0,6.0,2.0,4.0,2.0,6.0,2.0,5.0,6.0,4.0,6.0,8.0,4.0,8.0,7.0,3.0,4.0,3.0,4.0,4.0,2.0,7.0,7.0,6.0,6.0,6.0,3.0,4.0,2.0,4.0,1.0,4.0,4.0,0.0,2.0,5.0,0.0,4.346153846153846
382,"Tradall SA, Rue du Bois du Lan",MEYRIN,1217.0,KLEIN,0.0,0.0,0.0,0.0,1.0,0.0,0.0,0.0,1.0,0.0,0.0,0.0,0.0,2.0,0.0,2.0,1.0,0.0,0.0,1.0,0.0,0.0,0.0,3.0,0.0,4.0,0.0,0.0,0.0,2.0,0.0,4.0,0.0,0.0,0.0,0.0,5.0,2.0,1.0,0.0,0.0,0.0,5.0,4.0,1.0,1.0,3.0,1.0,1.0,3.0,2.0,3.0,1.0192307692307692
